Generation,Fitness_value,Chromatic_number
0,41,18
0,24,18
1,23,18
1,16,18
1,14,18
2,13,18
2,9,18
3,8,18
3,7,18
3,5,18
5,3,18
7,2,18
9,1,18
10,0,18
0,36,17
0,24,17
1,15,17
2,13,17
2,12,17
2,9,17
2,5,17
3,3,17
4,2,17
12,1,17
14,0,17
0,38,16
0,36,16
0,30,16
0,28,16
1,19,16
1,18,16
1,15,16
2,13,16
2,12,16
3,11,16
3,9,16
4,6,16
5,5,16
7,4,16
7,2,16
13,1,16
18,0,16
0,32,15
0,31,15
0,29,15
1,27,15
1,26,15
1,23,15
1,22,15
1,19,15
2,18,15
2,14,15
2,13,15
2,12,15
3,11,15
3,9,15
3,8,15
4,3,15
14,2,15
17,1,15
20,0,15
0,38,14
0,34,14
0,33,14
1,31,14
1,23,14
1,21,14
1,18,14
2,15,14
2,13,14
3,9,14
4,7,14
4,6,14
5,5,14
7,2,14
9,1,14
18,0,14
0,43,13
0,42,13
0,38,13
1,30,13
1,27,13
1,23,13
1,20,13
2,18,13
2,12,13
3,10,13
3,6,13
5,5,13
6,3,13
8,2,13
9,1,13
11,0,13
0,65,12
0,57,12
0,56,12
0,51,12
0,47,12
0,46,12
0,43,12
0,37,12
1,35,12
1,28,12
1,27,12
1,22,12
2,13,12
3,11,12
4,10,12
4,7,12
5,6,12
7,5,12
7,4,12
9,2,12
14,1,12
16,0,12
0,64,11
0,60,11
0,57,11
0,55,11
0,54,11
0,46,11
0,42,11
1,37,11
1,32,11
1,26,11
1,21,11
2,20,11
2,14,11
3,13,11
3,12,11
4,11,11
5,10,11
5,7,11
5,6,11
6,5,11
7,3,11
9,2,11
14,1,11
18,0,11
0,58,10
0,56,10
0,55,10
0,50,10
1,44,10
1,42,10
1,37,10
1,35,10
1,32,10
2,28,10
2,10,10
4,9,10
6,8,10
7,4,10
17,3,10
18,2,10
20,1,10
23,0,10
0,73,9
0,70,9
0,66,9
0,61,9
1,49,9
1,48,9
1,43,9
1,32,9
2,29,9
2,27,9
2,26,9
3,24,9
3,23,9
3,22,9
3,18,9
4,17,9
5,11,9
5,9,9
7,6,9
8,5,9
8,4,9
17,2,9
17,1,9
20,0,9
0,76,8
0,69,8
0,61,8
1,59,8
1,58,8
1,47,8
1,44,8
1,41,8
2,39,8
2,36,8
2,35,8
2,33,8
2,31,8
3,29,8
3,26,8
3,23,8
5,21,8
5,20,8
6,19,8
6,18,8
7,15,8
7,14,8
7,11,8
8,10,8
9,9,8
10,6,8
13,5,8
14,3,8
23,1,8
32,0,8
0,110,7
0,104,7
0,96,7
0,92,7
0,91,7
0,85,7
0,84,7
0,83,7
0,78,7
1,72,7
1,70,7
1,69,7
1,67,7
1,66,7
1,58,7
1,53,7
2,51,7
2,50,7
2,43,7
2,42,7
2,40,7
3,39,7
3,38,7
3,35,7
4,30,7
4,26,7
5,25,7
6,20,7
7,18,7
8,13,7
10,12,7
12,7,7
13,5,7
16,4,7
18,2,7
22,0,7
0,120,6
0,111,6
0,108,6
0,105,6
0,99,6
1,98,6
1,96,6
1,91,6
1,88,6
1,77,6
1,70,6
2,68,6
2,67,6
2,53,6
3,52,6
4,50,6
4,49,6
5,46,6
5,44,6
5,41,6
6,33,6
8,29,6
10,28,6
11,26,6
14,23,6
16,22,6
17,19,6
17,17,6
18,15,6
21,11,6
29,10,6
30,6,6
36,5,6
36,4,6
41,3,6
47,2,6
54,1,6
68,0,6
0,149,5
0,143,5
0,141,5
0,134,5
0,121,5
1,115,5
1,113,5
1,103,5
1,101,5
1,91,5
1,86,5
2,84,5
2,79,5
4,75,5
4,72,5
4,71,5
6,69,5
7,68,5
7,63,5
8,60,5
10,57,5
12,53,5
14,52,5
18,48,5
18,42,5
28,41,5
28,40,5
29,35,5
31,33,5
33,30,5
34,29,5
38,28,5
47,27,5
51,25,5
56,24,5
57,23,5
57,17,5
73,16,5
73,15,5
81,13,5
92,12,5
100,11,5
109,10,5
116,9,5
118,8,5
127,7,5
135,6,5
141,5,5
163,4,5
1716,3,5
2764,2,5
0,36,18
0,31,18
0,29,18
0,28,18
0,27,18
0,24,18
0,23,18
0,17,18
1,13,18
2,11,18
2,9,18
4,4,18
8,3,18
10,2,18
11,1,18
14,0,18
0,37,17
0,32,17
0,30,17
0,29,17
0,28,17
0,25,17
1,19,17
1,10,17
2,7,17
4,5,17
6,3,17
9,1,17
12,0,17
0,34,16
0,33,16
0,32,16
0,30,16
0,28,16
0,25,16
1,24,16
1,21,16
1,18,16
1,17,16
1,13,16
2,9,16
4,8,16
4,7,16
5,4,16
6,3,16
10,2,16
17,0,16
0,47,15
0,43,15
0,41,15
0,37,15
0,34,15
0,33,15
0,32,15
1,28,15
1,26,15
1,22,15
1,17,15
2,15,15
2,7,15
4,6,15
4,4,15
4,3,15
8,2,15
12,1,15
14,0,15
0,45,14
0,42,14
0,35,14
0,30,14
1,26,14
1,24,14
1,21,14
2,19,14
2,18,14
2,16,14
2,12,14
3,11,14
3,10,14
3,8,14
4,7,14
4,6,14
5,4,14
9,3,14
9,2,14
11,1,14
15,0,14
0,39,13
0,38,13
0,37,13
1,34,13
1,32,13
1,30,13
1,24,13
1,20,13
2,19,13
2,15,13
2,13,13
3,11,13
3,10,13
5,4,13
10,3,13
12,2,13
14,1,13
17,0,13
0,48,12
0,40,12
0,39,12
1,38,12
1,34,12
1,32,12
1,29,12
1,28,12
1,25,12
2,24,12
2,19,12
2,17,12
2,15,12
3,14,12
3,10,12
4,8,12
5,4,12
6,2,12
8,1,12
13,0,12
0,49,11
0,38,11
1,37,11
1,32,11
1,28,11
1,25,11
2,23,11
2,22,11
2,20,11
3,19,11
3,18,11
3,16,11
3,12,11
4,7,11
7,4,11
7,2,11
8,1,11
11,0,11
0,61,10
0,60,10
0,59,10
0,58,10
0,56,10
0,54,10
0,49,10
1,40,10
1,33,10
1,31,10
1,29,10
2,27,10
2,18,10
2,13,10
4,11,10
5,10,10
6,8,10
6,5,10
7,4,10
20,2,10
23,1,10
32,0,10
0,68,9
0,67,9
0,63,9
0,57,9
1,47,9
1,33,9
2,30,9
2,21,9
3,20,9
3,18,9
4,17,9
4,14,9
4,13,9
5,10,9
6,5,9
9,2,9
19,1,9
22,0,9
0,97,8
0,79,8
0,76,8
0,70,8
1,58,8
1,54,8
1,51,8
1,48,8
1,47,8
1,43,8
2,39,8
2,35,8
2,30,8
3,28,8
3,21,8
4,20,8
5,17,8
6,16,8
7,10,8
9,9,8
9,8,8
11,7,8
12,6,8
12,5,8
14,4,8
14,1,8
34,0,8
0,103,7
0,96,7
0,91,7
0,79,7
1,66,7
1,62,7
1,57,7
1,54,7
2,48,7
2,47,7
2,37,7
3,34,7
3,31,7
4,28,7
4,25,7
5,22,7
6,21,7
6,20,7
7,18,7
8,13,7
9,9,7
12,7,7
16,6,7
16,5,7
17,4,7
27,3,7
32,2,7
39,1,7
44,0,7
0,106,6
0,102,6
0,100,6
1,88,6
1,83,6
1,82,6
1,72,6
1,59,6
2,56,6
3,54,6
3,52,6
3,50,6
4,48,6
4,42,6
5,38,6
7,35,6
10,34,6
11,28,6
13,27,6
13,25,6
16,21,6
21,18,6
23,17,6
26,16,6
27,13,6
29,12,6
32,9,6
36,8,6
36,7,6
37,5,6
41,4,6
52,3,6
58,2,6
62,1,6
75,0,6
0,163,5
0,154,5
0,151,5
0,144,5
0,143,5
0,139,5
0,137,5
0,135,5
1,110,5
1,108,5
1,104,5
1,102,5
1,101,5
1,99,5
1,98,5
1,93,5
2,90,5
2,81,5
3,74,5
5,70,5
6,66,5
8,64,5
8,63,5
8,62,5
9,56,5
10,54,5
11,50,5
16,49,5
17,48,5
18,47,5
20,42,5
22,41,5
24,40,5
25,33,5
34,32,5
38,31,5
42,26,5
46,25,5
59,24,5
64,23,5
67,21,5
78,18,5
87,17,5
88,16,5
96,12,5
114,11,5
117,10,5
120,9,5
124,7,5
128,6,5
133,5,5
146,4,5
1549,3,5
1863,2,5
1983,1,5
0,26,18
0,25,18
0,24,18
0,21,18
1,20,18
1,19,18
1,15,18
1,11,18
2,9,18
2,6,18
4,2,18
7,1,18
10,0,18
0,26,17
0,25,17
1,20,17
1,18,17
1,14,17
2,11,17
2,10,17
3,9,17
3,7,17
4,2,17
10,1,17
11,0,17
0,37,16
0,34,16
0,32,16
0,31,16
1,25,16
1,18,16
1,13,16
2,12,16
2,11,16
2,9,16
3,8,16
3,6,16
4,5,16
5,3,16
5,2,16
10,1,16
14,0,16
0,40,15
0,36,15
0,31,15
0,30,15
1,24,15
1,22,15
1,18,15
1,17,15
2,14,15
2,11,15
3,6,15
5,5,15
6,4,15
7,3,15
9,2,15
11,1,15
13,0,15
0,46,14
0,44,14
0,42,14
0,38,14
0,37,14
0,36,14
0,33,14
1,27,14
1,26,14
1,21,14
2,17,14
2,15,14
2,14,14
3,10,14
3,9,14
4,8,14
4,7,14
4,5,14
6,3,14
14,2,14
14,1,14
20,0,14
0,45,13
0,39,13
0,36,13
0,34,13
0,31,13
1,26,13
1,14,13
3,11,13
3,7,13
5,5,13
5,4,13
7,1,13
11,0,13
0,46,12
0,44,12
0,43,12
0,40,12
1,33,12
1,31,12
1,20,12
2,19,12
2,17,12
2,15,12
3,11,12
4,10,12
4,7,12
5,6,12
6,4,12
11,2,12
17,0,12
0,57,11
0,51,11
0,48,11
1,43,11
1,42,11
1,39,11
1,33,11
1,29,11
2,27,11
2,22,11
2,19,11
3,18,11
3,17,11
4,14,11
4,11,11
4,8,11
5,7,11
6,5,11
9,1,11
22,0,11
0,57,10
0,54,10
0,52,10
0,48,10
1,44,10
1,39,10
1,33,10
1,24,10
2,18,10
2,16,10
3,15,10
4,12,10
4,11,10
5,10,10
5,9,10
7,8,10
7,7,10
7,6,10
8,4,10
8,3,10
14,2,10
18,1,10
23,0,10
0,66,9
0,60,9
0,57,9
1,54,9
1,53,9
1,51,9
1,47,9
1,38,9
2,36,9
2,27,9
2,26,9
2,25,9
2,19,9
3,18,9
3,15,9
4,14,9
4,12,9
5,10,9
5,7,9
5,6,9
8,5,9
8,3,9
27,2,9
29,1,9
33,0,9
0,84,8
0,71,8
0,70,8
1,52,8
1,49,8
2,47,8
2,44,8
2,27,8
3,21,8
4,20,8
5,12,8
7,8,8
8,7,8
8,6,8
8,5,8
9,4,8
19,3,8
22,2,8
24,1,8
28,0,8
0,102,7
0,99,7
0,93,7
0,79,7
1,70,7
1,62,7
1,61,7
1,54,7
1,53,7
1,52,7
2,37,7
3,26,7
5,24,7
6,23,7
7,18,7
8,17,7
10,16,7
11,15,7
11,13,7
11,11,7
15,10,7
15,9,7
16,7,7
18,6,7
19,5,7
22,3,7
29,2,7
29,1,7
32,0,7
0,109,6
0,94,6
1,88,6
1,76,6
1,70,6
2,69,6
2,62,6
2,61,6
3,58,6
3,56,6
3,53,6
3,51,6
3,50,6
4,47,6
5,45,6
5,41,6
6,39,6
6,34,6
8,31,6
9,29,6
10,27,6
11,26,6
14,25,6
16,21,6
20,19,6
24,18,6
25,15,6
33,14,6
37,13,6
38,10,6
39,9,6
44,7,6
46,6,6
48,4,6
52,3,6
59,2,6
70,1,6
85,0,6
0,157,5
0,149,5
0,146,5
0,132,5
1,101,5
1,100,5
1,87,5
2,85,5
3,73,5
4,70,5
6,68,5
6,64,5
7,62,5
8,61,5
9,58,5
10,57,5
13,52,5
14,49,5
17,47,5
23,46,5
23,40,5
27,37,5
32,36,5
34,31,5
35,29,5
43,27,5
46,25,5
53,24,5
54,20,5
78,19,5
91,18,5
93,17,5
95,16,5
98,15,5
104,14,5
133,13,5
137,12,5
137,11,5
141,10,5
148,9,5
150,8,5
156,7,5
173,6,5
210,5,5
270,4,5
768,3,5
2842,2,5
0,44,18
0,26,18
0,21,18
1,18,18
1,17,18
1,16,18
1,12,18
2,8,18
3,6,18
5,5,18
5,4,18
6,3,18
9,2,18
10,1,18
13,0,18
0,35,17
0,30,17
0,29,17
0,23,17
1,20,17
1,17,17
1,15,17
2,14,17
2,13,17
2,10,17
2,7,17
5,6,17
5,5,17
6,4,17
7,2,17
14,1,17
16,0,17
0,39,16
0,35,16
0,28,16
1,27,16
1,18,16
1,14,16
2,11,16
2,9,16
3,4,16
7,3,16
11,1,16
17,0,16
0,40,15
0,37,15
0,36,15
0,35,15
0,33,15
0,30,15
1,22,15
1,18,15
1,12,15
2,8,15
3,7,15
4,6,15
5,4,15
13,3,15
13,2,15
18,0,15
0,32,14
1,26,14
1,23,14
1,22,14
2,14,14
3,11,14
3,6,14
6,4,14
9,3,14
10,2,14
12,1,14
13,0,14
0,40,13
0,38,13
0,35,13
1,34,13
1,32,13
1,28,13
1,23,13
2,18,13
2,17,13
2,13,13
3,9,13
4,6,13
5,3,13
10,2,13
20,1,13
20,0,13
0,51,12
0,46,12
0,42,12
0,32,12
1,28,12
1,27,12
1,26,12
1,25,12
2,23,12
2,14,12
3,11,12
3,10,12
4,9,12
5,8,12
5,5,12
6,4,12
9,2,12
15,1,12
17,0,12
0,55,11
0,48,11
0,46,11
1,32,11
1,28,11
1,25,11
2,23,11
2,22,11
2,18,11
3,14,11
3,12,11
3,11,11
4,8,11
5,7,11
6,6,11
7,5,11
8,3,11
11,1,11
12,0,11
0,76,10
0,53,10
1,48,10
1,43,10
1,36,10
1,31,10
1,29,10
1,25,10
2,24,10
2,21,10
2,20,10
3,17,10
3,14,10
4,13,10
5,11,10
5,8,10
6,6,10
7,5,10
8,4,10
9,2,10
16,1,10
18,0,10
0,67,9
0,66,9
0,60,9
0,59,9
1,51,9
1,50,9
1,43,9
1,41,9
1,39,9
1,34,9
2,21,9
4,17,9
5,16,9
6,13,9
6,11,9
8,7,9
9,4,9
16,3,9
21,2,9
23,1,9
26,0,9
0,83,8
0,81,8
0,79,8
0,78,8
0,76,8
0,70,8
1,68,8
1,48,8
1,43,8
2,27,8
3,21,8
4,19,8
5,15,8
6,11,8
7,10,8
8,7,8
9,6,8
10,4,8
10,3,8
16,2,8
17,1,8
19,0,8
0,103,7
0,93,7
0,88,7
0,87,7
0,86,7
1,82,7
1,55,7
1,52,7
2,51,7
2,47,7
2,46,7
2,28,7
4,27,7
4,22,7
5,21,7
6,18,7
7,16,7
8,12,7
10,10,7
11,7,7
14,6,7
17,5,7
17,4,7
29,3,7
30,2,7
32,1,7
35,0,7
0,123,6
0,113,6
0,111,6
0,107,6
0,94,6
1,89,6
1,73,6
2,72,6
2,65,6
2,61,6
2,57,6
2,53,6
4,51,6
4,46,6
4,45,6
5,44,6
5,42,6
7,40,6
7,39,6
8,38,6
8,36,6
9,35,6
9,34,6
11,33,6
11,32,6
11,28,6
12,25,6
12,24,6
13,21,6
14,20,6
15,19,6
19,18,6
20,16,6
21,14,6
24,13,6
27,11,6
30,10,6
30,9,6
37,7,6
39,5,6
40,3,6
53,2,6
54,1,6
399,0,6
0,160,5
0,158,5
0,144,5
0,141,5
0,140,5
0,138,5
0,134,5
1,121,5
1,104,5
1,103,5
1,91,5
2,90,5
2,85,5
3,75,5
3,66,5
7,61,5
8,51,5
12,48,5
12,43,5
15,39,5
18,38,5
20,35,5
22,34,5
23,33,5
28,32,5
28,31,5
31,30,5
33,24,5
46,22,5
47,19,5
99,15,5
139,13,5
143,12,5
144,11,5
159,10,5
160,9,5
164,8,5
175,7,5
275,6,5
295,5,5
319,4,5
2840,3,5
0,24,18
1,19,18
1,18,18
1,17,18
1,13,18
2,12,18
2,11,18
2,9,18
3,2,18
15,1,18
18,0,18
0,32,17
0,29,17
0,28,17
1,26,17
1,17,17
1,13,17
2,7,17
2,4,17
10,2,17
15,1,17
17,0,17
0,38,16
0,35,16
0,34,16
0,31,16
0,30,16
0,25,16
1,24,16
1,23,16
1,16,16
1,13,16
2,9,16
4,6,16
5,5,16
6,4,16
8,3,16
8,2,16
13,1,16
14,0,16
1,23,15
1,21,15
1,19,15
1,15,15
2,13,15
2,11,15
3,10,15
3,9,15
4,5,15
6,3,15
11,2,15
12,1,15
16,0,15
0,40,14
0,39,14
0,38,14
0,34,14
1,25,14
1,24,14
1,20,14
2,18,14
2,14,14
3,13,14
3,10,14
4,9,14
4,5,14
5,4,14
5,3,14
8,2,14
10,1,14
14,0,14
0,51,13
0,50,13
0,45,13
0,42,13
0,41,13
0,36,13
1,29,13
1,28,13
1,26,13
1,25,13
1,21,13
2,17,13
2,15,13
3,10,13
4,9,13
5,8,13
5,5,13
6,4,13
8,3,13
10,2,13
11,1,13
13,0,13
0,51,12
0,49,12
0,45,12
0,44,12
0,41,12
1,28,12
1,27,12
1,24,12
2,23,12
2,19,12
2,18,12
2,16,12
2,15,12
3,12,12
3,11,12
4,10,12
4,8,12
6,4,12
9,2,12
21,1,12
24,0,12
0,69,11
0,65,11
0,62,11
0,58,11
0,56,11
0,54,11
0,46,11
1,42,11
1,32,11
2,25,11
2,18,11
2,17,11
3,14,11
3,10,11
5,9,11
5,7,11
6,6,11
7,3,11
10,2,11
12,1,11
25,0,11
0,59,10
0,55,10
0,53,10
1,37,10
1,36,10
1,32,10
2,23,10
2,19,10
3,12,10
4,10,10
6,8,10
6,4,10
13,3,10
19,1,10
25,0,10
0,73,9
0,69,9
0,68,9
0,65,9
0,56,9
1,48,9
1,47,9
1,45,9
1,41,9
1,35,9
1,33,9
2,32,9
2,28,9
2,26,9
2,25,9
2,24,9
2,21,9
3,16,9
4,13,9
5,11,9
5,10,9
6,9,9
7,5,9
12,2,9
17,0,9
0,78,8
0,77,8
0,72,8
0,67,8
1,51,8
1,50,8
1,42,8
1,38,8
2,34,8
2,33,8
2,32,8
3,30,8
3,25,8
3,24,8
3,23,8
4,22,8
4,18,8
5,13,8
7,10,8
8,9,8
9,8,8
9,6,8
12,5,8
13,4,8
32,3,8
35,2,8
44,1,8
50,0,8
0,98,7
0,89,7
0,87,7
0,85,7
1,66,7
1,53,7
1,52,7
1,49,7
2,43,7
2,41,7
2,38,7
3,32,7
4,29,7
4,28,7
5,25,7
6,24,7
6,17,7
7,15,7
8,14,7
9,12,7
10,9,7
12,8,7
12,7,7
13,6,7
14,5,7
17,3,7
24,2,7
32,1,7
35,0,7
0,109,6
0,106,6
0,101,6
1,99,6
1,90,6
1,79,6
1,69,6
2,61,6
2,60,6
2,50,6
3,49,6
4,46,6
4,44,6
5,42,6
6,40,6
7,37,6
7,34,6
9,33,6
9,29,6
9,23,6
13,22,6
13,16,6
17,15,6
17,14,6
17,13,6
19,12,6
20,10,6
26,8,6
28,7,6
30,6,6
35,5,6
36,4,6
40,3,6
55,2,6
61,1,6
73,0,6
0,158,5
0,157,5
0,154,5
0,142,5
0,140,5
0,132,5
0,123,5
1,111,5
1,101,5
1,95,5
2,94,5
2,93,5
2,91,5
2,90,5
2,83,5
3,82,5
3,78,5
3,77,5
4,76,5
4,70,5
4,59,5
8,58,5
11,50,5
18,48,5
19,47,5
21,45,5
22,44,5
23,39,5
25,38,5
32,37,5
32,35,5
33,31,5
40,29,5
43,27,5
48,26,5
50,25,5
52,24,5
54,21,5
56,19,5
65,17,5
74,16,5
81,15,5
83,14,5
85,12,5
91,10,5
91,9,5
106,8,5
113,7,5
116,6,5
119,5,5
143,4,5
341,3,5
0,34,18
0,31,18
0,29,18
0,25,18
1,23,18
1,18,18
1,16,18
1,11,18
2,10,18
3,9,18
3,8,18
3,7,18
3,5,18
5,4,18
5,3,18
6,2,18
10,1,18
15,0,18
0,35,17
0,33,17
0,32,17
0,28,17
0,27,17
0,23,17
1,18,17
1,16,17
2,11,17
3,8,17
3,5,17
5,4,17
10,2,17
13,1,17
14,0,17
0,34,16
0,31,16
0,30,16
0,28,16
0,27,16
1,24,16
1,20,16
2,15,16
2,13,16
2,12,16
2,9,16
4,8,16
4,7,16
4,6,16
5,5,16
6,4,16
6,2,16
10,0,16
0,53,15
0,49,15
0,41,15
0,33,15
0,28,15
1,22,15
1,19,15
1,16,15
2,15,15
2,12,15
2,7,15
4,5,15
7,2,15
7,1,15
10,0,15
0,45,14
0,43,14
0,37,14
0,35,14
1,24,14
1,23,14
1,22,14
1,21,14
2,17,14
2,15,14
3,14,14
3,10,14
4,9,14
5,8,14
5,7,14
5,6,14
6,4,14
6,2,14
12,0,14
0,48,13
0,41,13
0,36,13
1,31,13
1,29,13
1,22,13
1,21,13
2,17,13
2,16,13
2,13,13
3,10,13
4,8,13
5,6,13
6,4,13
6,3,13
12,2,13
12,1,13
15,0,13
0,60,12
0,58,12
0,46,12
0,42,12
1,33,12
1,31,12
1,28,12
1,18,12
2,15,12
2,12,12
3,9,12
4,6,12
5,4,12
10,3,12
13,2,12
14,1,12
16,0,12
0,62,11
0,58,11
0,55,11
0,44,11
1,32,11
1,27,11
2,22,11
3,17,11
3,15,11
4,14,11
4,12,11
4,11,11
4,8,11
5,4,11
6,3,11
13,2,11
15,1,11
16,0,11
0,64,10
0,53,10
0,52,10
1,34,10
1,25,10
2,14,10
3,13,10
4,12,10
5,7,10
5,6,10
7,4,10
9,2,10
16,1,10
21,0,10
0,72,9
0,68,9
0,60,9
1,48,9
1,47,9
1,40,9
1,38,9
1,37,9
1,34,9
2,24,9
3,21,9
3,19,9
4,16,9
4,9,9
6,8,9
6,7,9
7,4,9
9,2,9
13,0,9
0,81,8
0,80,8
0,78,8
0,75,8
0,72,8
1,68,8
1,57,8
1,51,8
1,42,8
2,27,8
3,17,8
6,14,8
7,8,8
8,7,8
9,5,8
13,3,8
20,2,8
20,1,8
22,0,8
0,100,7
0,88,7
0,84,7
0,78,7
1,68,7
1,59,7
1,53,7
1,47,7
2,42,7
2,34,7
3,31,7
4,28,7
4,27,7
5,24,7
5,23,7
6,22,7
6,18,7
7,16,7
11,15,7
12,14,7
13,13,7
14,11,7
14,10,7
15,9,7
18,6,7
20,5,7
21,4,7
31,3,7
33,2,7
37,1,7
43,0,7
0,118,6
0,110,6
0,108,6
0,105,6
1,92,6
1,79,6
1,78,6
1,70,6
2,57,6
2,56,6
3,47,6
4,39,6
7,37,6
7,35,6
8,32,6
9,31,6
9,30,6
10,25,6
11,23,6
11,22,6
12,21,6
13,17,6
14,16,6
16,15,6
17,11,6
18,8,6
19,7,6
20,5,6
22,4,6
27,3,6
33,2,6
34,1,6
44,0,6
0,151,5
0,140,5
0,136,5
0,134,5
1,106,5
1,100,5
2,81,5
3,80,5
3,73,5
4,65,5
5,59,5
7,58,5
13,54,5
14,53,5
14,52,5
15,50,5
18,49,5
19,48,5
24,46,5
28,44,5
34,39,5
36,38,5
37,37,5
37,35,5
38,32,5
45,31,5
45,26,5
48,24,5
59,23,5
65,22,5
68,20,5
79,19,5
87,18,5
90,17,5
91,16,5
93,14,5
96,13,5
102,12,5
111,11,5
114,10,5
119,9,5
130,8,5
131,7,5
140,6,5
141,5,5
186,4,5
932,3,5
1118,2,5
0,28,18
0,26,18
0,25,18
1,22,18
1,15,18
1,10,18
2,9,18
3,7,18
4,5,18
5,4,18
7,3,18
8,2,18
8,1,18
14,0,18
0,34,17
0,32,17
0,30,17
0,25,17
1,24,17
1,21,17
1,15,17
1,13,17
2,10,17
3,9,17
3,4,17
4,2,17
9,1,17
13,0,17
0,38,16
0,34,16
0,31,16
0,29,16
0,26,16
1,18,16
1,17,16
1,16,16
2,15,16
2,14,16
2,12,16
2,10,16
2,7,16
5,2,16
15,1,16
16,0,16
0,41,15
0,40,15
0,37,15
0,33,15
0,28,15
1,15,15
1,13,15
2,11,15
2,9,15
4,8,15
4,3,15
9,2,15
10,1,15
13,0,15
0,47,14
0,43,14
0,42,14
0,38,14
0,35,14
0,31,14
1,24,14
1,22,14
1,18,14
2,17,14
2,14,14
3,11,14
4,9,14
5,7,14
5,5,14
6,4,14
12,2,14
16,1,14
18,0,14
0,51,13
0,49,13
0,41,13
0,39,13
0,38,13
0,34,13
1,27,13
1,22,13
1,20,13
2,17,13
2,16,13
2,14,13
3,12,13
3,10,13
3,9,13
3,7,13
4,6,13
5,4,13
6,2,13
13,1,13
16,0,13
0,46,12
0,45,12
0,41,12
1,39,12
1,38,12
1,35,12
1,30,12
1,26,12
1,23,12
2,19,12
2,16,12
3,13,12
3,11,12
3,10,12
4,9,12
5,8,12
5,6,12
6,5,12
7,4,12
9,2,12
11,1,12
16,0,12
0,47,11
1,33,11
1,29,11
1,27,11
2,19,11
2,12,11
3,11,11
5,9,11
5,8,11
7,7,11
7,4,11
14,3,11
14,2,11
19,1,11
22,0,11
0,65,10
0,53,10
1,40,10
1,39,10
1,35,10
1,34,10
1,33,10
1,30,10
2,27,10
2,26,10
2,21,10
3,18,10
3,12,10
5,11,10
5,9,10
6,7,10
7,6,10
7,5,10
7,3,10
15,2,10
20,1,10
25,0,10
0,70,9
0,64,9
0,63,9
0,61,9
0,58,9
1,56,9
1,43,9
1,40,9
1,39,9
1,38,9
1,37,9
2,26,9
2,25,9
3,24,9
3,23,9
4,19,9
4,17,9
5,13,9
6,11,9
7,6,9
10,5,9
11,4,9
12,3,9
16,2,9
20,1,9
21,0,9
1,61,8
1,44,8
2,43,8
2,41,8
2,39,8
2,31,8
2,27,8
3,26,8
3,25,8
3,17,8
6,14,8
9,11,8
10,10,8
11,9,8
11,6,8
13,5,8
14,4,8
18,3,8
21,2,8
28,1,8
31,0,8
0,80,7
1,67,7
1,64,7
1,62,7
1,60,7
1,53,7
2,47,7
2,44,7
2,39,7
2,37,7
3,32,7
3,29,7
4,23,7
5,22,7
6,21,7
6,17,7
7,15,7
9,14,7
9,12,7
13,9,7
15,8,7
17,7,7
18,6,7
19,5,7
19,3,7
37,2,7
38,1,7
50,0,7
0,105,6
0,102,6
1,87,6
1,82,6
1,75,6
2,60,6
2,55,6
3,52,6
3,51,6
3,46,6
5,44,6
6,38,6
7,30,6
7,28,6
10,26,6
10,23,6
11,20,6
16,18,6
18,17,6
19,15,6
20,13,6
24,11,6
27,9,6
27,8,6
30,7,6
36,6,6
36,4,6
42,3,6
52,2,6
60,1,6
0,34,18
0,32,18
0,28,18
0,27,18
0,26,18
0,23,18
1,17,18
1,13,18
1,8,18
3,4,18
7,3,18
10,2,18
13,1,18
14,0,18
0,34,17
0,27,17
0,24,17
1,21,17
1,20,17
1,16,17
1,13,17
2,7,17
3,3,17
8,2,17
9,1,17
11,0,17
0,31,16
0,30,16
0,29,16
1,19,16
1,18,16
1,17,16
2,12,16
2,11,16
2,8,16
3,7,16
3,6,16
3,3,16
7,2,16
13,1,16
16,0,16
0,33,15
0,31,15
1,28,15
1,24,15
1,23,15
1,20,15
1,12,15
3,10,15
4,8,15
4,4,15
5,3,15
10,1,15
21,0,15
0,50,14
0,40,14
0,38,14
0,37,14
0,36,14
1,35,14
1,30,14
1,13,14
3,12,14
3,9,14
4,8,14
5,7,14
5,6,14
5,4,14
5,3,14
7,1,14
9,0,14
0,49,13
0,46,13
0,45,13
0,40,13
0,39,13
0,38,13
1,36,13
1,27,13
1,26,13
1,25,13
2,19,13
2,17,13
2,15,13
3,13,13
3,12,13
4,11,13
4,10,13
5,8,13
5,7,13
5,6,13
5,5,13
6,2,13
13,1,13
16,0,13
0,57,12
0,54,12
0,49,12
0,46,12
0,38,12
1,24,12
2,13,12
3,10,12
5,6,12
5,5,12
6,3,12
10,2,12
11,1,12
14,0,12
0,47,11
0,44,11
1,36,11
1,26,11
1,25,11
2,21,11
2,20,11
3,16,11
3,12,11
3,11,11
4,10,11
4,9,11
6,6,11
6,3,11
6,2,11
13,1,11
19,0,11
0,59,10
0,56,10
0,54,10
0,49,10
1,47,10
1,44,10
1,39,10
1,38,10
1,37,10
1,36,10
1,34,10
2,33,10
2,30,10
2,26,10
2,21,10
2,19,10
3,16,10
3,15,10
4,13,10
4,12,10
4,6,10
6,5,10
7,3,10
13,2,10
14,1,10
16,0,10
0,75,9
0,73,9
0,68,9
0,64,9
0,58,9
1,34,9
1,33,9
2,21,9
3,16,9
5,10,9
7,9,9
8,7,9
8,5,9
9,4,9
19,3,9
21,2,9
23,1,9
25,0,9
0,89,8
0,85,8
0,80,8
0,76,8
0,71,8
0,68,8
1,50,8
1,47,8
1,46,8
1,39,8
2,27,8
2,25,8
3,23,8
3,16,8
4,14,8
5,12,8
5,7,8
12,4,8
23,3,8
29,2,8
32,1,8
37,0,8
0,98,7
0,94,7
0,88,7
1,69,7
1,54,7
1,50,7
2,44,7
2,42,7
3,37,7
3,36,7
4,34,7
4,33,7
4,29,7
5,28,7
5,26,7
6,25,7
7,22,7
8,14,7
11,12,7
12,10,7
13,8,7
16,6,7
18,4,7
27,3,7
33,2,7
41,1,7
49,0,7
0,116,6
0,114,6
0,105,6
0,100,6
1,93,6
1,87,6
1,80,6
1,74,6
1,72,6
2,70,6
2,68,6
2,63,6
2,60,6
3,57,6
3,53,6
3,52,6
4,50,6
4,49,6
5,44,6
5,43,6
5,42,6
6,40,6
6,38,6
7,34,6
8,32,6
9,30,6
10,28,6
10,24,6
12,21,6
14,20,6
15,18,6
17,15,6
20,14,6
21,11,6
22,10,6
23,9,6
24,6,6
28,5,6
30,4,6
33,3,6
38,2,6
52,1,6
56,0,6
0,147,5
0,125,5
1,107,5
1,100,5
2,95,5
2,92,5
2,86,5
2,84,5
3,78,5
3,77,5
3,67,5
4,61,5
6,60,5
8,59,5
9,57,5
9,55,5
10,53,5
11,51,5
16,48,5
18,45,5
20,43,5
21,40,5
26,39,5
27,38,5
28,36,5
34,32,5
39,26,5
44,25,5
46,24,5
46,23,5
46,22,5
51,16,5
60,14,5
62,11,5
99,8,5
118,7,5
140,6,5
150,5,5
176,4,5
444,3,5
608,2,5
0,31,18
0,29,18
0,28,18
0,25,18
1,19,18
1,14,18
2,11,18
2,8,18
4,5,18
4,4,18
7,2,18
11,1,18
13,0,18
0,34,17
0,32,17
0,27,17
1,23,17
1,15,17
2,13,17
2,12,17
2,11,17
3,5,17
5,4,17
6,3,17
6,2,17
12,1,17
15,0,17
0,42,16
0,33,16
0,26,16
1,25,16
1,19,16
1,18,16
1,15,16
1,13,16
2,7,16
3,5,16
3,4,16
5,3,16
8,1,16
15,0,16
0,41,15
0,40,15
0,32,15
0,28,15
1,23,15
1,18,15
1,13,15
3,11,15
3,10,15
4,9,15
4,7,15
4,6,15
6,5,15
6,3,15
12,2,15
15,1,15
16,0,15
0,41,14
0,38,14
0,36,14
0,35,14
0,32,14
1,25,14
1,19,14
1,16,14
2,15,14
2,13,14
3,11,14
3,10,14
4,8,14
4,6,14
5,4,14
8,2,14
12,1,14
14,0,14
0,49,13
0,46,13
0,44,13
0,42,13
0,40,13
0,39,13
0,38,13
0,34,13
1,33,13
1,32,13
1,23,13
1,22,13
2,17,13
2,16,13
2,9,13
3,6,13
4,5,13
5,2,13
9,1,13
12,0,13
0,64,12
0,47,12
0,40,12
0,39,12
1,37,12
1,32,12
1,27,12
1,23,12
1,22,12
2,17,12
2,15,12
3,9,12
4,8,12
5,7,12
6,6,12
6,3,12
9,2,12
10,1,12
13,0,12
0,57,11
0,55,11
0,51,11
0,50,11
0,45,11
1,38,11
1,35,11
1,33,11
1,31,11
1,28,11
2,21,11
2,18,11
3,16,11
3,8,11
6,6,11
7,5,11
8,1,11
16,0,11
0,63,10
0,54,10
0,52,10
1,44,10
1,33,10
1,31,10
2,28,10
2,27,10
2,24,10
2,20,10
3,15,10
4,9,10
5,7,10
7,4,10
19,3,10
25,1,10
33,0,10
0,67,9
0,64,9
0,61,9
0,60,9
1,48,9
1,40,9
1,38,9
1,37,9
2,32,9
2,25,9
3,22,9
3,18,9
4,17,9
4,16,9
4,15,9
4,12,9
5,7,9
7,5,9
8,2,9
14,1,9
19,0,9
0,68,8
1,47,8
1,34,8
2,21,8
4,16,8
5,15,8
5,13,8
5,12,8
6,10,8
7,9,8
7,6,8
10,5,8
10,4,8
16,3,8
17,2,8
20,1,8
22,0,8
0,94,7
0,88,7
0,84,7
1,62,7
1,59,7
1,53,7
1,49,7
2,43,7
2,42,7
2,36,7
3,30,7
4,29,7
5,26,7
5,23,7
6,22,7
6,18,7
6,17,7
8,15,7
9,14,7
12,12,7
12,11,7
12,9,7
14,6,7
16,5,7
22,4,7
22,3,7
32,1,7
44,0,7
0,127,6
0,123,6
0,116,6
0,112,6
0,109,6
0,106,6
0,104,6
1,88,6
1,80,6
1,79,6
1,77,6
1,75,6
2,70,6
2,61,6
2,60,6
3,57,6
3,53,6
3,50,6
4,49,6
5,47,6
5,41,6
6,39,6
8,35,6
8,33,6
10,27,6
12,26,6
13,24,6
13,23,6
13,22,6
14,18,6
18,17,6
18,16,6
19,15,6
20,14,6
20,13,6
23,12,6
24,11,6
26,10,6
28,9,6
29,8,6
30,7,6
31,5,6
32,4,6
44,3,6
104,2,6
446,1,6
1582,0,6
0,157,5
0,146,5
0,129,5
1,108,5
1,102,5
1,95,5
1,94,5
1,87,5
2,80,5
3,75,5
4,73,5
4,72,5
4,67,5
7,65,5
7,64,5
8,62,5
8,58,5
10,55,5
11,53,5
13,51,5
16,46,5
19,43,5
20,39,5
29,34,5
39,30,5
40,28,5
44,24,5
44,21,5
46,20,5
50,19,5
54,16,5
56,14,5
62,13,5
63,12,5
76,10,5
80,9,5
114,6,5
157,5,5
232,4,5
0,29,18
0,23,18
1,20,18
1,17,18
1,16,18
1,14,18
2,11,18
3,10,18
3,8,18
4,7,18
4,6,18
5,4,18
9,1,18
15,0,18
0,30,17
0,28,17
0,24,17
0,23,17
1,19,17
1,17,17
1,13,17
2,7,17
2,5,17
4,3,17
7,2,17
11,1,17
13,0,17
0,37,16
0,35,16
0,27,16
1,12,16
3,10,16
4,6,16
5,4,16
10,2,16
12,1,16
20,0,16
0,37,15
0,36,15
0,29,15
1,23,15
1,22,15
1,17,15
2,16,15
2,13,15
2,11,15
3,6,15
4,5,15
5,2,15
18,1,15
19,0,15
0,42,14
0,33,14
0,28,14
1,19,14
2,14,14
2,12,14
2,11,14
3,6,14
4,5,14
6,4,14
7,2,14
10,1,14
14,0,14
0,50,13
0,46,13
0,43,13
0,39,13
1,32,13
1,26,13
1,20,13
1,17,13
2,15,13
3,10,13
3,9,13
4,6,13
6,4,13
8,3,13
9,2,13
10,1,13
13,0,13
0,56,12
0,53,12
0,51,12
0,50,12
0,49,12
0,46,12
0,45,12
1,27,12
2,26,12
2,23,12
2,18,12
3,13,12
3,11,12
4,10,12
5,7,12
7,4,12
14,3,12
15,2,12
17,1,12
19,0,12
0,61,11
0,53,11
0,46,11
1,40,11
1,39,11
1,31,11
1,26,11
2,24,11
2,16,11
2,15,11
4,9,11
4,6,11
5,5,11
6,3,11
14,2,11
16,1,11
18,0,11
0,56,10
0,55,10
1,43,10
1,27,10
2,26,10
2,21,10
3,19,10
3,17,10
4,12,10
4,10,10
5,8,10
6,6,10
6,4,10
14,3,10
15,2,10
18,1,10
19,0,10
0,77,9
0,75,9
0,64,9
0,62,9
0,58,9
1,47,9
1,36,9
1,31,9
2,27,9
2,25,9
3,24,9
3,23,9
3,21,9
3,19,9
3,16,9
3,15,9
4,11,9
5,9,9
8,8,9
8,6,9
9,5,9
11,3,9
13,2,9
22,1,9
27,0,9
0,83,8
0,82,8
0,74,8
0,68,8
0,65,8
1,45,8
1,42,8
2,27,8
2,22,8
3,19,8
5,18,8
5,12,8
8,11,8
9,10,8
10,6,8
11,4,8
16,3,8
20,2,8
23,1,8
26,0,8
0,116,7
0,93,7
0,83,7
1,75,7
1,44,7
2,39,7
2,26,7
5,24,7
5,23,7
6,21,7
6,18,7
8,17,7
10,15,7
11,14,7
11,9,7
13,6,7
14,5,7
18,3,7
23,2,7
27,1,7
34,0,7
0,117,6
0,111,6
0,106,6
0,104,6
1,97,6
1,96,6
1,88,6
1,68,6
1,67,6
2,53,6
3,52,6
4,50,6
4,47,6
5,43,6
6,40,6
7,35,6
8,33,6
9,31,6
11,28,6
12,27,6
12,25,6
14,24,6
16,19,6
18,13,6
19,12,6
21,10,6
26,8,6
35,7,6
39,6,6
40,5,6
46,4,6
51,3,6
60,2,6
65,1,6
71,0,6
0,143,5
0,139,5
0,133,5
1,132,5
1,124,5
1,121,5
1,106,5
1,101,5
1,99,5
1,92,5
1,82,5
3,81,5
3,78,5
3,74,5
4,70,5
4,56,5
7,54,5
8,48,5
12,46,5
16,45,5
17,42,5
18,41,5
28,40,5
29,36,5
38,35,5
41,33,5
46,29,5
48,28,5
50,25,5
52,24,5
55,23,5
56,20,5
63,17,5
78,15,5
79,14,5
94,12,5
101,11,5
104,10,5
107,9,5
111,8,5
116,7,5
118,6,5
126,5,5
135,4,5
2810,3,5
0,36,18
0,35,18
0,32,18
0,29,18
0,27,18
0,26,18
0,23,18
1,17,18
1,16,18
1,14,18
2,3,18
12,2,18
14,1,18
14,0,18
0,38,17
0,29,17
0,26,17
1,22,17
1,15,17
1,13,17
2,12,17
2,11,17
3,9,17
3,6,17
5,5,17
5,4,17
10,3,17
11,2,17
13,1,17
16,0,17
0,43,16
0,40,16
0,32,16
0,28,16
1,21,16
1,18,16
1,17,16
1,16,16
2,15,16
2,13,16
2,11,16
4,10,16
4,6,16
4,3,16
6,2,16
7,1,16
7,0,16
0,44,15
0,36,15
0,32,15
1,24,15
1,23,15
1,20,15
2,17,15
2,12,15
2,10,15
3,9,15
4,6,15
5,5,15
6,4,15
6,3,15
9,2,15
10,1,15
13,0,15
0,46,14
0,43,14
0,42,14
0,38,14
0,33,14
1,32,14
1,29,14
1,27,14
1,18,14
2,16,14
2,14,14
3,10,14
3,9,14
4,4,14
17,3,14
18,2,14
18,1,14
23,0,14
0,44,13
0,43,13
0,42,13
0,41,13
1,30,13
1,26,13
1,25,13
1,22,13
2,18,13
2,14,13
3,12,13
3,11,13
4,9,13
4,7,13
6,4,13
6,1,13
14,0,13
0,50,12
0,49,12
0,45,12
0,42,12
1,32,12
1,29,12
1,28,12
1,22,12
2,19,12
2,17,12
2,16,12
3,13,12
3,12,12
4,11,12
4,9,12
4,8,12
4,6,12
6,4,12
15,3,12
21,2,12
24,0,12
0,55,11
0,50,11
0,45,11
1,30,11
1,29,11
1,27,11
2,22,11
2,19,11
2,16,11
3,13,11
4,11,11
5,8,11
6,5,11
10,3,11
11,2,11
14,1,11
29,0,11
0,71,10
0,67,10
0,66,10
0,63,10
0,50,10
1,45,10
1,29,10
2,22,10
2,21,10
3,17,10
4,7,10
6,6,10
9,5,10
9,3,10
10,2,10
21,1,10
26,0,10
0,80,9
0,65,9
0,60,9
1,37,9
1,32,9
2,29,9
3,25,9
3,21,9
3,20,9
3,19,9
4,18,9
4,15,9
4,12,9
5,9,9
5,8,9
6,6,9
8,5,9
9,4,9
9,3,9
12,2,9
19,1,9
22,0,9
0,95,8
0,84,8
0,79,8
0,75,8
0,72,8
0,64,8
1,49,8
1,48,8
1,47,8
1,43,8
1,42,8
2,35,8
2,29,8
3,28,8
4,22,8
4,18,8
6,16,8
6,14,8
7,13,8
8,10,8
8,9,8
10,7,8
10,6,8
12,5,8
12,4,8
19,3,8
19,2,8
24,1,8
25,0,8
0,84,7
0,77,7
1,75,7
1,65,7
1,64,7
1,61,7
1,55,7
1,53,7
2,50,7
2,48,7
2,47,7
2,45,7
3,38,7
3,34,7
4,27,7
4,26,7
5,23,7
6,20,7
7,18,7
10,15,7
11,14,7
11,12,7
12,11,7
13,9,7
17,7,7
17,6,7
19,5,7
22,4,7
24,3,7
25,2,7
27,1,7
36,0,7
0,113,6
0,101,6
1,96,6
1,88,6
1,86,6
1,83,6
1,71,6
1,70,6
2,62,6
2,61,6
2,58,6
2,54,6
2,47,6
2,46,6
4,45,6
4,39,6
5,31,6
9,28,6
9,27,6
10,26,6
11,23,6
12,21,6
12,19,6
13,18,6
14,17,6
14,16,6
14,14,6
17,11,6
17,10,6
19,9,6
22,7,6
28,6,6
29,4,6
45,3,6
58,2,6
83,1,6
121,0,6
0,150,5
0,148,5
0,147,5
0,142,5
0,139,5
0,130,5
1,97,5
1,95,5
2,94,5
2,89,5
2,88,5
3,84,5
3,79,5
5,63,5
8,61,5
10,58,5
11,48,5
16,47,5
17,46,5
20,44,5
20,42,5
23,38,5
29,32,5
33,31,5
36,30,5
37,28,5
38,27,5
46,21,5
59,19,5
64,18,5
74,16,5
80,15,5
84,13,5
98,12,5
100,11,5
103,10,5
115,9,5
126,8,5
135,7,5
136,6,5
144,5,5
456,4,5
558,3,5
0,29,18
0,27,18
0,26,18
1,21,18
1,18,18
1,14,18
1,13,18
2,12,18
2,10,18
2,7,18
3,5,18
4,4,18
5,2,18
7,1,18
11,0,18
0,28,17
0,27,17
0,25,17
1,22,17
1,21,17
1,17,17
1,16,17
1,14,17
2,13,17
2,11,17
2,9,17
3,6,17
4,4,17
5,3,17
8,1,17
9,0,17
0,35,16
0,34,16
0,33,16
0,30,16
0,29,16
0,26,16
1,22,16
1,20,16
1,14,16
2,12,16
2,8,16
3,7,16
4,5,16
5,2,16
14,1,16
17,0,16
0,46,15
0,34,15
0,29,15
1,28,15
1,25,15
1,23,15
1,21,15
1,20,15
1,16,15
2,15,15
2,13,15
3,11,15
4,9,15
4,7,15
5,5,15
5,4,15
7,2,15
10,1,15
14,0,15
0,45,14
0,34,14
1,27,14
1,22,14
1,21,14
2,18,14
2,17,14
2,11,14
3,10,14
4,9,14
5,7,14
5,4,14
7,3,14
9,2,14
10,1,14
13,0,14
0,43,13
0,41,13
0,40,13
0,39,13
0,38,13
1,33,13
1,28,13
1,25,13
1,23,13
1,20,13
2,18,13
2,17,13
3,11,13
3,8,13
5,5,13
6,4,13
8,2,13
9,1,13
10,0,13
0,46,12
0,41,12
1,40,12
1,30,12
1,26,12
1,25,12
2,21,12
2,16,12
3,15,12
3,13,12
4,11,12
4,10,12
4,8,12
5,6,12
6,5,12
7,3,12
11,1,12
23,0,12
0,45,11
1,31,11
1,30,11
1,28,11
2,16,11
3,14,11
3,11,11
4,9,11
5,6,11
6,5,11
7,4,11
9,3,11
10,2,11
13,1,11
13,0,11
0,68,10
0,67,10
0,62,10
0,60,10
0,57,10
0,54,10
1,29,10
1,26,10
2,24,10
2,18,10
3,14,10
4,13,10
5,6,10
9,4,10
14,3,10
15,2,10
23,1,10
26,0,10
0,73,9
0,72,9
0,70,9
0,69,9
0,67,9
0,64,9
0,62,9
0,60,9
1,46,9
1,45,9
1,41,9
1,37,9
1,35,9
2,32,9
2,28,9
2,27,9
2,24,9
3,19,9
4,16,9
4,14,9
5,13,9
5,12,9
5,11,9
6,9,9
7,8,9
7,7,9
8,6,9
8,5,9
8,4,9
10,3,9
14,2,9
18,1,9
21,0,9
0,78,8
0,75,8
0,72,8
0,70,8
1,58,8
1,54,8
1,47,8
1,44,8
1,39,8
2,24,8
4,20,8
4,18,8
5,17,8
5,14,8
6,12,8
7,10,8
8,7,8
8,5,8
13,4,8
23,3,8
24,1,8
30,0,8
0,89,7
0,88,7
0,86,7
0,83,7
1,78,7
1,67,7
1,49,7
2,33,7
4,27,7
6,25,7
7,22,7
9,18,7
9,13,7
12,11,7
13,10,7
17,9,7
17,8,7
18,7,7
19,4,7
29,3,7
31,2,7
42,1,7
49,0,7
0,115,6
0,107,6
0,104,6
1,92,6
1,83,6
1,79,6
1,70,6
2,64,6
2,60,6
3,59,6
3,55,6
3,52,6
4,49,6
5,47,6
5,43,6
7,38,6
8,35,6
9,30,6
11,27,6
15,26,6
16,25,6
17,23,6
17,17,6
22,14,6
25,13,6
26,12,6
27,11,6
28,9,6
29,8,6
30,7,6
37,5,6
41,4,6
50,3,6
70,2,6
107,1,6
158,0,6
0,151,5
0,139,5
0,138,5
0,137,5
0,128,5
1,92,5
2,91,5
2,90,5
2,89,5
2,88,5
3,85,5
3,83,5
4,80,5
4,78,5
4,77,5
4,70,5
6,69,5
7,65,5
7,60,5
11,59,5
12,56,5
13,55,5
14,50,5
19,48,5
20,46,5
21,44,5
22,39,5
28,35,5
30,34,5
31,33,5
32,30,5
35,27,5
36,24,5
40,21,5
42,20,5
43,19,5
47,17,5
48,16,5
52,15,5
54,14,5
57,13,5
58,11,5
66,10,5
73,9,5
77,8,5
78,7,5
86,6,5
150,5,5
167,4,5
218,3,5
477,2,5
0,30,18
0,27,18
0,18,18
1,15,18
1,12,18
2,9,18
2,8,18
2,4,18
5,2,18
6,1,18
7,0,18
0,29,17
0,26,17
0,25,17
1,23,17
1,21,17
1,20,17
1,13,17
2,12,17
2,10,17
2,6,17
4,3,17
7,2,17
8,1,17
12,0,17
0,28,16
1,21,16
1,18,16
1,17,16
2,16,16
2,10,16
3,9,16
4,8,16
4,4,16
5,3,16
8,2,16
9,1,16
12,0,16
0,44,15
0,43,15
0,35,15
0,30,15
1,28,15
1,27,15
1,21,15
1,20,15
1,18,15
1,15,15
2,14,15
2,12,15
3,9,15
3,7,15
5,5,15
5,4,15
5,3,15
10,2,15
11,1,15
13,0,15
0,50,14
0,35,14
1,31,14
1,30,14
1,22,14
1,19,14
2,16,14
2,13,14
2,11,14
3,10,14
3,8,14
4,6,14
6,5,14
7,2,14
13,1,14
19,0,14
0,34,13
1,31,13
1,27,13
1,25,13
1,23,13
1,19,13
2,15,13
2,13,13
3,9,13
4,8,13
4,7,13
5,6,13
6,4,13
6,2,13
11,1,13
15,0,13
0,58,12
0,48,12
0,45,12
0,44,12
0,42,12
1,40,12
1,34,12
1,30,12
1,19,12
2,13,12
2,9,12
5,8,12
5,6,12
5,4,12
5,3,12
14,2,12
16,0,12
0,52,11
0,49,11
1,45,11
1,42,11
1,41,11
1,36,11
1,27,11
2,21,11
2,20,11
2,14,11
4,13,11
4,12,11
4,10,11
5,8,11
6,3,11
16,2,11
18,1,11
22,0,11
0,64,10
0,61,10
0,57,10
0,56,10
0,54,10
0,53,10
1,43,10
1,38,10
1,33,10
2,32,10
2,25,10
2,23,10
3,19,10
4,11,10
5,6,10
7,5,10
7,3,10
17,2,10
19,1,10
21,0,10
0,67,9
0,65,9
0,57,9
1,55,9
1,39,9
1,38,9
1,36,9
1,34,9
1,33,9
2,24,9
2,22,9
3,17,9
5,16,9
6,15,9
6,11,9
7,10,9
7,9,9
8,8,9
8,7,9
9,5,9
10,3,9
15,2,9
20,1,9
23,0,9
0,78,8
0,73,8
1,62,8
1,55,8
1,54,8
1,50,8
1,47,8
1,44,8
2,37,8
2,32,8
2,29,8
2,23,8
4,18,8
5,14,8
7,12,8
7,10,8
8,6,8
11,5,8
12,3,8
23,2,8
27,1,8
31,0,8
0,95,7
0,94,7
0,92,7
0,90,7
0,84,7
0,76,7
1,69,7
1,64,7
1,59,7
1,55,7
2,54,7
2,47,7
2,46,7
2,44,7
2,41,7
3,39,7
3,35,7
3,32,7
4,24,7
4,23,7
5,22,7
5,19,7
6,18,7
7,16,7
8,15,7
8,9,7
11,8,7
14,4,7
29,3,7
31,2,7
33,1,7
40,0,7
0,110,6
0,100,6
1,84,6
1,82,6
1,81,6
1,78,6
1,76,6
1,69,6
1,68,6
1,65,6
2,54,6
3,52,6
4,43,6
5,40,6
5,34,6
8,33,6
9,30,6
11,29,6
11,26,6
12,24,6
12,22,6
16,20,6
18,19,6
20,15,6
22,14,6
23,13,6
25,12,6
27,11,6
29,10,6
33,8,6
35,6,6
39,5,6
40,4,6
47,2,6
59,1,6
63,0,6
0,136,5
0,130,5
1,127,5
1,113,5
1,103,5
1,99,5
1,95,5
2,77,5
3,76,5
3,72,5
4,60,5
7,59,5
8,57,5
11,48,5
12,45,5
17,41,5
21,40,5
23,36,5
28,33,5
30,32,5
35,31,5
36,29,5
49,28,5
49,27,5
51,25,5
53,24,5
71,20,5
97,16,5
107,14,5
116,13,5
126,11,5
135,10,5
148,9,5
173,8,5
174,7,5
183,6,5
184,5,5
196,4,5
264,3,5
3085,2,5
0,24,18
1,21,18
1,18,18
1,17,18
1,16,18
2,14,18
2,11,18
2,9,18
3,8,18
3,4,18
5,3,18
8,2,18
10,1,18
11,0,18
0,27,17
0,25,17
1,22,17
1,19,17
1,13,17
1,11,17
2,9,17
3,8,17
4,7,17
4,5,17
5,4,17
6,3,17
7,2,17
10,1,17
13,0,17
0,42,16
0,40,16
0,32,16
0,31,16
0,21,16
1,20,16
1,19,16
1,12,16
2,11,16
3,10,16
4,8,16
4,6,16
5,5,16
6,4,16
6,3,16
6,2,16
7,1,16
14,0,16
0,44,15
0,34,15
0,29,15
1,20,15
1,15,15
2,14,15
2,9,15
3,4,15
10,3,15
10,2,15
12,1,15
14,0,15
0,42,14
0,38,14
0,34,14
0,25,14
1,24,14
1,23,14
1,18,14
1,15,14
2,12,14
3,11,14
3,8,14
4,5,14
5,4,14
10,2,14
15,0,14
0,44,13
0,43,13
0,38,13
0,35,13
0,34,13
1,29,13
1,21,13
2,12,13
4,9,13
4,5,13
5,0,13
0,54,12
0,45,12
0,40,12
1,25,12
1,24,12
1,20,12
2,16,12
3,15,12
3,11,12
4,9,12
5,8,12
5,6,12
6,5,12
7,2,12
14,1,12
15,0,12
1,36,11
1,35,11
1,24,11
2,22,11
2,20,11
2,16,11
3,15,11
3,14,11
4,12,11
4,10,11
5,6,11
5,5,11
6,4,11
12,2,11
17,1,11
19,0,11
0,62,10
0,55,10
0,54,10
0,50,10
1,47,10
1,42,10
1,40,10
1,34,10
1,31,10
2,21,10
2,20,10
3,19,10
3,15,10
4,10,10
5,5,10
7,4,10
10,3,10
16,2,10
19,1,10
21,0,10
0,73,9
0,63,9
0,61,9
0,60,9
1,53,9
1,51,9
1,42,9
1,37,9
1,24,9
3,20,9
3,19,9
4,16,9
4,15,9
5,12,9
6,7,9
7,6,9
8,3,9
12,2,9
26,1,9
27,0,9
0,85,8
0,80,8
0,78,8
0,77,8
0,74,8
1,63,8
1,57,8
1,55,8
1,53,8
1,49,8
1,48,8
1,42,8
2,41,8
2,39,8
2,28,8
3,22,8
4,17,8
5,15,8
7,13,8
8,11,8
8,9,8
9,8,8
9,7,8
11,6,8
11,5,8
11,4,8
12,3,8
14,2,8
19,0,8
0,96,7
0,88,7
0,87,7
0,79,7
1,73,7
1,65,7
1,64,7
1,59,7
1,51,7
2,50,7
2,42,7
3,41,7
3,39,7
3,38,7
3,37,7
4,32,7
4,31,7
5,26,7
6,25,7
6,24,7
8,21,7
8,19,7
8,18,7
9,14,7
11,13,7
12,12,7
12,11,7
13,10,7
14,8,7
15,6,7
17,5,7
18,4,7
29,3,7
29,2,7
33,1,7
34,0,7
0,118,6
0,114,6
0,110,6
0,103,6
0,100,6
0,94,6
1,81,6
1,75,6
1,72,6
1,71,6
2,61,6
2,60,6
2,57,6
3,55,6
3,47,6
4,39,6
6,34,6
10,29,6
10,28,6
11,27,6
11,26,6
11,25,6
12,23,6
12,22,6
12,20,6
14,17,6
16,16,6
18,15,6
19,13,6
22,12,6
23,11,6
24,10,6
26,9,6
27,8,6
29,7,6
36,6,6
36,5,6
40,4,6
47,2,6
59,1,6
64,0,6
0,138,5
0,132,5
0,126,5
1,119,5
1,111,5
1,109,5
1,90,5
1,89,5
1,88,5
2,85,5
3,78,5
3,73,5
4,67,5
5,63,5
7,61,5
8,58,5
9,57,5
11,56,5
12,48,5
14,41,5
22,39,5
22,38,5
24,36,5
25,35,5
27,34,5
30,33,5
32,32,5
34,30,5
35,28,5
39,26,5
44,25,5
44,24,5
45,22,5
47,21,5
50,20,5
57,18,5
59,17,5
60,16,5
65,15,5
77,14,5
77,13,5
83,12,5
85,11,5
92,10,5
94,9,5
118,8,5
130,7,5
133,6,5
140,5,5
164,4,5
446,3,5
0,36,18
0,32,18
0,30,18
0,28,18
0,27,18
0,23,18
1,19,18
1,17,18
1,14,18
1,13,18
2,7,18
2,6,18
3,4,18
5,2,18
9,1,18
15,0,18
0,31,17
0,28,17
0,25,17
1,18,17
1,17,17
2,14,17
2,12,17
2,10,17
3,9,17
3,7,17
3,6,17
4,4,17
5,3,17
8,2,17
14,1,17
14,0,17
0,28,16
0,27,16
1,23,16
1,18,16
1,16,16
1,13,16
2,11,16
3,9,16
3,7,16
4,3,16
9,2,16
16,1,16
18,0,16
0,40,15
0,31,15
0,30,15
1,28,15
1,23,15
1,20,15
1,19,15
1,18,15
1,16,15
1,15,15
2,11,15
3,9,15
3,7,15
3,6,15
5,5,15
6,4,15
7,3,15
7,2,15
12,1,15
15,0,15
0,42,14
0,40,14
0,36,14
1,22,14
1,21,14
1,18,14
2,15,14
3,11,14
3,9,14
4,7,14
6,5,14
7,3,14
10,2,14
12,0,14
0,45,13
0,40,13
0,35,13
1,34,13
1,26,13
1,20,13
1,17,13
2,16,13
2,15,13
3,12,13
3,11,13
4,10,13
4,9,13
4,8,13
5,7,13
5,6,13
6,5,13
7,4,13
7,3,13
7,2,13
10,1,13
14,0,13
0,51,12
0,48,12
0,42,12
1,33,12
1,25,12
2,24,12
2,22,12
2,18,12
3,17,12
3,10,12
4,9,12
5,7,12
5,5,12
6,3,12
9,2,12
13,1,12
15,0,12
0,54,11
0,50,11
0,49,11
0,47,11
1,39,11
1,38,11
1,28,11
1,27,11
2,24,11
2,17,11
3,12,11
3,9,11
5,6,11
7,5,11
9,4,11
10,2,11
14,1,11
15,0,11
0,63,10
0,59,10
0,54,10
1,46,10
1,34,10
1,33,10
1,26,10
2,22,10
2,20,10
3,13,10
4,8,10
5,7,10
5,5,10
7,4,10
12,2,10
16,1,10
22,0,10
0,68,9
0,64,9
0,62,9
0,59,9
1,51,9
1,49,9
1,46,9
1,44,9
1,43,9
1,32,9
1,31,9
2,24,9
3,15,9
4,13,9
5,11,9
5,7,9
7,6,9
8,5,9
10,1,9
21,0,9
0,91,8
0,88,8
0,77,8
0,76,8
0,68,8
0,66,8
1,54,8
1,53,8
1,40,8
2,37,8
2,33,8
2,31,8
3,23,8
4,17,8
5,16,8
5,13,8
6,6,8
11,5,8
12,4,8
24,3,8
25,2,8
29,1,8
33,0,8
0,96,7
0,95,7
0,85,7
0,81,7
1,68,7
1,65,7
1,64,7
1,58,7
1,54,7
2,38,7
3,35,7
3,31,7
4,28,7
5,27,7
6,22,7
8,19,7
9,18,7
9,15,7
10,14,7
12,13,7
12,8,7
16,6,7
17,5,7
20,4,7
20,3,7
30,2,7
38,1,7
40,0,7
0,121,6
0,118,6
0,108,6
0,107,6
1,79,6
1,72,6
1,71,6
2,64,6
2,60,6
3,59,6
3,56,6
3,55,6
4,48,6
4,47,6
5,46,6
5,40,6
5,39,6
7,35,6
8,33,6
10,32,6
10,30,6
10,26,6
11,25,6
12,22,6
17,19,6
18,15,6
22,14,6
28,13,6
28,12,6
30,11,6
31,9,6
33,8,6
38,7,6
41,4,6
47,3,6
54,2,6
60,1,6
60,0,6
0,133,5
0,129,5
1,116,5
1,113,5
1,98,5
1,93,5
2,88,5
2,83,5
2,81,5
3,70,5
6,69,5
6,63,5
7,62,5
11,59,5
11,58,5
11,54,5
12,53,5
12,49,5
15,46,5
19,41,5
24,40,5
26,38,5
29,37,5
29,36,5
32,31,5
38,28,5
41,25,5
42,24,5
47,22,5
50,20,5
51,19,5
53,18,5
66,17,5
79,16,5
98,14,5
121,13,5
124,12,5
130,11,5
133,10,5
145,9,5
162,8,5
168,7,5
170,6,5
187,5,5
191,4,5
489,3,5
739,2,5
0,33,18
0,28,18
0,26,18
0,17,18
1,15,18
1,14,18
2,12,18
2,11,18
2,10,18
2,9,18
3,8,18
3,7,18
3,5,18
4,4,18
6,3,18
7,2,18
9,0,18
0,32,17
0,31,17
0,29,17
0,28,17
0,19,17
1,16,17
1,12,17
2,9,17
3,6,17
5,5,17
5,4,17
8,3,17
9,2,17
12,0,17
0,32,16
0,31,16
0,30,16
0,27,16
1,26,16
1,21,16
1,18,16
1,17,16
2,15,16
2,12,16
2,9,16
3,8,16
3,6,16
5,3,16
8,2,16
10,1,16
14,0,16
0,32,15
1,29,15
1,24,15
1,23,15
1,22,15
1,19,15
1,17,15
2,15,15
2,14,15
2,10,15
3,9,15
4,8,15
4,7,15
4,5,15
5,4,15
8,3,15
11,2,15
13,1,15
17,0,15
0,43,14
0,40,14
0,39,14
0,29,14
1,26,14
1,24,14
1,23,14
2,20,14
2,17,14
2,16,14
2,14,14
3,12,14
3,8,14
5,3,14
6,2,14
10,0,14
0,48,13
0,46,13
0,39,13
0,36,13
0,35,13
1,26,13
1,24,13
1,22,13
1,14,13
2,12,13
3,8,13
5,6,13
5,4,13
15,3,13
17,2,13
18,1,13
19,0,13
0,38,12
0,30,12
1,26,12
1,23,12
1,15,12
3,14,12
3,10,12
3,8,12
4,5,12
6,4,12
6,2,12
20,1,12
20,0,12
0,56,11
0,52,11
0,48,11
0,37,11
1,31,11
1,30,11
1,27,11
2,20,11
2,18,11
3,15,11
3,9,11
5,8,11
7,6,11
7,5,11
8,4,11
13,3,11
15,2,11
21,0,11
0,65,10
0,54,10
0,52,10
0,51,10
1,49,10
1,44,10
1,34,10
1,32,10
2,30,10
2,21,10
2,19,10
3,16,10
3,14,10
4,11,10
4,8,10
6,6,10
6,5,10
9,4,10
10,3,10
14,2,10
18,1,10
21,0,10
0,65,9
0,60,9
1,53,9
1,51,9
1,33,9
1,32,9
2,29,9
2,26,9
2,24,9
3,16,9
4,12,9
4,11,9
5,8,9
5,7,9
6,6,9
6,5,9
7,3,9
10,2,9
15,1,9
20,0,9
0,79,8
0,71,8
0,67,8
1,51,8
1,50,8
1,47,8
2,40,8
2,36,8
2,35,8
3,28,8
3,25,8
5,22,8
5,20,8
5,19,8
5,13,8
5,11,8
9,9,8
10,6,8
11,4,8
14,3,8
21,2,8
27,1,8
36,0,8
0,94,7
0,91,7
0,85,7
0,84,7
1,76,7
1,66,7
1,65,7
1,61,7
1,56,7
2,38,7
3,30,7
5,26,7
6,22,7
7,21,7
8,18,7
8,16,7
10,14,7
10,13,7
12,11,7
12,8,7
12,7,7
14,5,7
17,4,7
19,2,7
28,1,7
32,0,7
0,111,6
0,105,6
0,104,6
1,87,6
1,80,6
1,79,6
1,76,6
1,68,6
2,58,6
2,56,6
2,52,6
3,47,6
5,45,6
5,44,6
6,42,6
6,38,6
7,36,6
9,34,6
10,30,6
12,28,6
13,22,6
16,16,6
19,14,6
23,11,6
25,10,6
26,9,6
27,7,6
29,4,6
39,3,6
56,2,6
99,1,6
501,0,6
0,151,5
0,143,5
0,140,5
0,134,5
1,103,5
2,94,5
2,90,5
2,78,5
4,77,5
4,71,5
6,69,5
6,67,5
6,59,5
11,58,5
11,57,5
11,55,5
13,50,5
16,42,5
19,41,5
22,39,5
23,38,5
27,37,5
28,34,5
29,31,5
33,27,5
39,25,5
41,24,5
41,23,5
43,22,5
49,21,5
49,19,5
53,17,5
55,16,5
56,14,5
64,13,5
68,12,5
71,11,5
79,10,5
84,9,5
86,8,5
119,7,5
142,5,5
324,4,5
367,3,5
0,30,18
0,24,18
0,23,18
1,14,18
1,13,18
2,11,18
2,9,18
2,7,18
3,6,18
4,5,18
5,4,18
5,1,18
10,0,18
0,39,17
0,34,17
0,32,17
0,29,17
0,28,17
0,23,17
1,19,17
1,18,17
1,17,17
1,11,17
1,9,17
2,4,17
7,3,17
8,2,17
12,1,17
15,0,17
0,29,16
0,27,16
1,26,16
1,25,16
1,23,16
1,18,16
1,17,16
1,11,16
3,10,16
3,6,16
4,2,16
6,1,16
20,0,16
0,43,15
0,40,15
0,38,15
0,37,15
0,34,15
0,30,15
1,20,15
1,18,15
2,15,15
2,12,15
2,11,15
3,8,15
4,5,15
6,4,15
9,3,15
9,2,15
10,1,15
16,0,15
0,46,14
0,39,14
0,38,14
0,35,14
0,33,14
0,32,14
1,28,14
1,27,14
1,26,14
1,21,14
2,18,14
2,15,14
3,10,14
3,9,14
4,6,14
6,5,14
6,4,14
8,3,14
14,2,14
15,1,14
17,0,14
0,46,13
0,44,13
0,38,13
0,33,13
1,32,13
1,30,13
1,29,13
1,24,13
2,22,13
2,21,13
2,20,13
2,15,13
2,8,13
5,7,13
5,2,13
16,1,13
16,0,13
0,52,12
0,50,12
0,48,12
0,45,12
0,44,12
0,37,12
1,32,12
1,26,12
1,20,12
2,16,12
3,15,12
3,14,12
3,11,12
4,10,12
4,9,12
4,8,12
5,7,12
6,6,12
6,4,12
10,3,12
15,1,12
18,0,12
0,55,11
0,48,11
0,45,11
1,42,11
1,35,11
1,25,11
2,17,11
2,14,11
3,13,11
4,10,11
4,9,11
5,7,11
5,6,11
6,3,11
11,2,11
16,1,11
18,0,11
0,56,10
0,54,10
0,51,10
1,47,10
1,34,10
1,33,10
1,27,10
2,23,10
2,21,10
3,19,10
3,16,10
3,15,10
4,12,10
4,7,10
7,5,10
8,4,10
13,3,10
17,2,10
19,1,10
19,0,10
0,69,9
0,62,9
0,59,9
0,55,9
1,50,9
1,46,9
1,42,9
1,37,9
1,35,9
1,33,9
2,30,9
2,29,9
2,22,9
3,21,9
3,19,9
4,17,9
4,13,9
5,11,9
5,9,9
7,8,9
7,7,9
7,4,9
16,3,9
23,2,9
23,1,9
27,0,9
0,85,8
0,82,8
0,81,8
0,77,8
0,76,8
0,75,8
0,74,8
0,73,8
0,70,8
1,63,8
1,51,8
1,41,8
2,36,8
2,35,8
2,33,8
2,32,8
3,29,8
3,21,8
4,20,8
5,17,8
6,16,8
6,14,8
6,10,8
7,6,8
10,4,8
16,3,8
17,2,8
21,1,8
24,0,8
0,103,7
0,100,7
0,97,7
0,92,7
0,91,7
0,89,7
0,87,7
0,85,7
0,81,7
1,61,7
1,60,7
1,52,7
2,44,7
2,35,7
3,33,7
5,26,7
6,22,7
6,19,7
8,17,7
9,14,7
9,12,7
11,9,7
11,8,7
13,7,7
14,6,7
16,5,7
16,4,7
25,3,7
32,2,7
39,1,7
48,0,7
0,122,6
0,108,6
0,104,6
1,83,6
1,75,6
1,72,6
1,71,6
2,60,6
2,58,6
2,54,6
3,48,6
3,45,6
4,44,6
4,36,6
5,35,6
6,32,6
6,26,6
9,23,6
11,21,6
14,20,6
14,18,6
15,13,6
20,9,6
21,8,6
22,7,6
25,6,6
27,5,6
30,4,6
30,3,6
34,2,6
43,1,6
184,0,6
0,134,5
1,116,5
1,112,5
1,102,5
1,92,5
1,90,5
2,86,5
2,84,5
3,70,5
5,69,5
6,62,5
7,57,5
12,56,5
14,53,5
15,52,5
16,51,5
16,50,5
16,45,5
18,43,5
24,40,5
25,39,5
29,35,5
34,34,5
40,33,5
40,30,5
46,28,5
48,23,5
62,22,5
63,21,5
76,20,5
77,18,5
80,17,5
86,16,5
88,15,5
88,11,5
105,10,5
110,9,5
111,8,5
114,7,5
116,6,5
120,5,5
127,3,5
135,2,5
1052,1,5
1455,0,5
0,191,4
0,184,4
0,183,4
0,174,4
1,147,4
1,137,4
2,134,4
2,128,4
3,115,4
3,109,4
5,103,4
8,102,4
12,100,4
12,98,4
17,97,4
19,95,4
20,93,4
20,84,4
23,81,4
33,71,4
47,69,4
50,67,4
81,66,4
85,65,4
93,61,4
127,60,4
129,56,4
186,55,4
259,54,4
270,52,4
708,48,4
1933,46,4
1945,45,4
1949,41,4
1984,39,4
2032,36,4
2102,35,4
2118,34,4
2122,33,4
2136,31,4
2666,30,4
2721,29,4
2760,26,4
0,34,18
0,31,18
0,26,18
0,24,18
1,23,18
1,22,18
1,19,18
1,18,18
1,15,18
2,12,18
2,9,18
2,8,18
3,6,18
3,5,18
4,3,18
5,1,18
7,0,18
0,39,17
0,38,17
0,34,17
0,28,17
0,25,17
1,24,17
1,23,17
1,20,17
1,18,17
1,17,17
2,15,17
2,14,17
3,13,17
3,11,17
3,10,17
3,3,17
7,2,17
8,1,17
11,0,17
0,31,16
0,28,16
1,24,16
1,15,16
2,14,16
2,12,16
3,9,16
3,4,16
9,3,16
11,2,16
13,1,16
18,0,16
0,46,15
0,41,15
0,29,15
0,27,15
0,26,15
1,25,15
1,19,15
1,18,15
1,11,15
2,9,15
2,8,15
3,5,15
4,4,15
5,3,15
7,2,15
8,1,15
9,0,15
0,45,14
0,42,14
0,34,14
0,31,14
1,30,14
1,27,14
1,23,14
1,21,14
1,20,14
2,18,14
2,16,14
2,15,14
2,13,14
2,12,14
3,8,14
5,6,14
5,5,14
7,3,14
11,2,14
14,1,14
16,0,14
0,42,13
0,41,13
0,40,13
0,38,13
1,27,13
1,25,13
1,21,13
2,20,13
2,16,13
2,15,13
3,13,13
3,12,13
3,11,13
4,10,13
4,9,13
5,8,13
5,7,13
5,4,13
16,3,13
18,2,13
22,0,13
0,52,12
0,48,12
0,45,12
0,44,12
1,26,12
1,25,12
1,24,12
1,23,12
2,18,12
3,12,12
3,9,12
4,8,12
5,6,12
6,3,12
9,2,12
13,1,12
14,0,12
0,54,11
0,46,11
0,42,11
1,32,11
1,26,11
2,24,11
2,20,11
2,15,11
2,14,11
3,12,11
4,8,11
5,7,11
6,6,11
6,5,11
7,3,11
8,2,11
12,1,11
14,0,11
0,61,10
0,57,10
0,55,10
0,49,10
1,43,10
1,40,10
1,32,10
2,31,10
2,30,10
2,20,10
2,17,10
3,16,10
3,13,10
4,12,10
4,11,10
5,10,10
5,9,10
5,8,10
5,7,10
6,6,10
7,5,10
8,4,10
8,3,10
19,2,10
22,1,10
25,0,10
1,49,9
1,40,9
1,38,9
2,36,9
2,34,9
2,32,9
2,25,9
3,24,9
3,21,9
4,19,9
4,16,9
5,14,9
5,8,9
7,7,9
7,5,9
9,3,9
16,2,9
17,1,9
21,0,9
0,77,8
0,75,8
0,69,8
1,53,8
1,51,8
1,46,8
1,44,8
2,35,8
2,34,8
2,29,8
3,28,8
4,23,8
4,20,8
5,19,8
5,16,8
7,12,8
8,10,8
11,7,8
13,6,8
15,4,8
19,2,8
21,1,8
23,0,8
0,97,7
0,87,7
0,81,7
1,69,7
1,65,7
1,56,7
1,55,7
2,46,7
2,41,7
2,35,7
3,34,7
3,25,7
4,24,7
5,21,7
5,17,7
6,13,7
6,12,7
9,10,7
10,9,7
10,8,7
11,7,7
12,6,7
12,5,7
13,3,7
22,2,7
27,1,7
30,0,7
0,112,6
0,108,6
0,107,6
0,106,6
0,100,6
1,72,6
1,71,6
1,69,6
1,68,6
2,66,6
2,64,6
2,54,6
3,51,6
3,43,6
4,41,6
4,36,6
6,33,6
7,28,6
10,21,6
11,19,6
16,17,6
19,16,6
20,15,6
22,14,6
22,10,6
26,9,6
26,8,6
30,7,6
31,6,6
33,5,6
33,4,6
41,3,6
49,2,6
63,1,6
70,0,6
0,159,5
0,137,5
0,130,5
1,124,5
1,106,5
1,100,5
2,96,5
2,93,5
2,92,5
2,81,5
4,79,5
4,75,5
4,68,5
5,67,5
6,65,5
7,57,5
9,56,5
11,51,5
11,50,5
13,47,5
14,44,5
17,43,5
19,40,5
21,39,5
22,37,5
23,36,5
25,35,5
26,34,5
28,33,5
30,32,5
32,27,5
35,26,5
39,24,5
43,19,5
47,18,5
49,15,5
55,13,5
62,12,5
73,11,5
90,10,5
94,9,5
97,8,5
106,7,5
128,6,5
178,5,5
227,4,5
693,3,5
781,2,5
0,32,18
0,28,18
0,27,18
0,25,18
1,20,18
1,14,18
1,12,18
2,10,18
2,7,18
3,5,18
5,3,18
5,2,18
10,1,18
11,0,18
0,33,17
0,32,17
0,31,17
0,30,17
0,28,17
1,26,17
1,15,17
2,13,17
2,11,17
3,10,17
3,9,17
3,8,17
4,7,17
4,6,17
4,5,17
4,3,17
11,2,17
13,1,17
17,0,17
0,25,16
1,13,16
3,12,16
3,11,16
3,9,16
4,6,16
5,4,16
9,3,16
11,2,16
12,1,16
12,0,16
0,37,15
0,36,15
0,34,15
0,32,15
1,21,15
1,18,15
2,16,15
2,15,15
2,11,15
3,9,15
4,8,15
4,7,15
5,5,15
6,2,15
9,1,15
12,0,15
0,38,14
0,33,14
1,26,14
1,19,14
1,17,14
1,15,14
2,11,14
2,8,14
3,6,14
4,5,14
5,3,14
5,2,14
7,1,14
10,0,14
0,48,13
0,41,13
0,39,13
0,37,13
0,35,13
1,33,13
1,22,13
2,21,13
2,19,13
3,17,13
3,15,13
3,14,13
4,13,13
4,8,13
6,7,13
6,6,13
6,5,13
6,2,13
14,1,13
19,0,13
0,48,12
0,47,12
0,45,12
0,38,12
1,28,12
1,27,12
1,25,12
1,23,12
2,22,12
2,20,12
2,18,12
2,15,12
2,13,12
3,10,12
4,9,12
5,7,12
5,6,12
5,5,12
6,3,12
11,2,12
19,1,12
23,0,12
0,46,11
0,41,11
1,31,11
1,30,11
1,28,11
2,23,11
2,16,11
3,15,11
3,13,11
4,10,11
5,8,11
5,7,11
7,6,11
8,4,11
8,0,11
0,69,10
0,67,10
0,59,10
0,57,10
0,54,10
0,48,10
1,47,10
1,37,10
1,25,10
2,24,10
2,21,10
3,17,10
3,16,10
3,10,10
5,7,10
6,6,10
7,4,10
11,3,10
16,2,10
19,1,10
22,0,10
0,70,9
0,68,9
0,67,9
0,64,9
0,62,9
1,55,9
1,49,9
1,44,9
1,42,9
1,36,9
1,34,9
2,25,9
3,24,9
3,20,9
4,18,9
4,16,9
5,14,9
5,8,9
9,7,9
9,6,9
9,5,9
10,4,9
21,3,9
21,2,9
22,1,9
25,0,9
0,67,8
1,64,8
1,63,8
1,59,8
1,52,8
1,44,8
2,41,8
2,36,8
2,31,8
3,27,8
3,25,8
4,19,8
4,17,8
5,16,8
5,7,8
8,3,8
22,2,8
27,1,8
34,0,8
1,69,7
1,61,7
1,55,7
1,51,7
2,40,7
3,38,7
3,32,7
4,28,7
6,18,7
8,15,7
11,14,7
12,10,7
14,8,7
15,6,7
18,5,7
20,4,7
24,3,7
30,2,7
40,1,7
50,0,7
0,110,6
0,95,6
1,81,6
1,71,6
2,69,6
2,68,6
2,66,6
2,65,6
2,63,6
2,57,6
3,48,6
4,46,6
4,40,6
5,35,6
9,34,6
9,33,6
9,26,6
12,25,6
13,24,6
13,21,6
14,20,6
15,16,6
16,14,6
20,10,6
22,9,6
25,8,6
25,7,6
26,6,6
26,5,6
27,4,6
33,3,6
42,2,6
51,1,6
78,0,6
0,154,5
0,148,5
0,144,5
0,142,5
0,128,5
1,112,5
1,106,5
1,97,5
1,93,5
2,88,5
2,84,5
3,83,5
3,81,5
4,72,5
5,68,5
6,60,5
8,56,5
9,55,5
9,48,5
13,45,5
13,39,5
16,38,5
21,37,5
25,33,5
27,30,5
30,29,5
30,27,5
31,26,5
45,24,5
47,23,5
53,19,5
64,17,5
66,16,5
73,13,5
85,12,5
86,11,5
96,10,5
98,9,5
102,7,5
110,6,5
118,5,5
153,4,5
425,3,5
0,21,18
1,17,18
1,13,18
2,12,18
2,11,18
2,10,18
2,7,18
3,5,18
4,4,18
7,3,18
9,2,18
10,1,18
15,0,18
0,27,17
1,22,17
1,18,17
1,16,17
1,15,17
2,13,17
2,12,17
3,10,17
3,8,17
3,7,17
4,6,17
4,5,17
5,2,17
11,1,17
13,0,17
0,38,16
0,36,16
0,34,16
0,29,16
0,27,16
1,22,16
1,20,16
1,19,16
1,14,16
2,12,16
2,8,16
4,7,16
4,3,16
6,0,16
0,32,15
0,28,15
1,27,15
1,25,15
1,12,15
2,9,15
3,8,15
4,7,15
5,5,15
6,4,15
6,3,15
6,2,15
9,1,15
13,0,15
0,52,14
0,43,14
0,36,14
0,35,14
0,27,14
1,24,14
1,21,14
2,18,14
2,13,14
3,11,14
3,7,14
4,3,14
6,2,14
13,1,14
16,0,14
0,53,13
0,36,13
1,34,13
1,32,13
1,30,13
1,23,13
2,20,13
2,18,13
2,11,13
3,10,13
3,7,13
4,3,13
4,2,13
7,1,13
10,0,13
0,59,12
0,53,12
0,46,12
0,45,12
0,42,12
1,40,12
1,30,12
1,28,12
1,24,12
1,23,12
2,21,12
2,20,12
2,15,12
3,12,12
3,11,12
4,10,12
5,9,12
5,7,12
6,6,12
6,3,12
19,1,12
22,0,12
0,57,11
0,50,11
0,46,11
0,44,11
1,37,11
1,30,11
1,28,11
1,25,11
2,21,11
2,19,11
2,18,11
3,16,11
3,13,11
4,8,11
5,6,11
6,3,11
8,2,11
11,1,11
14,0,11
0,62,10
0,61,10
0,59,10
0,58,10
0,54,10
0,53,10
1,35,10
1,34,10
2,31,10
2,29,10
2,26,10
2,25,10
3,21,10
3,20,10
3,18,10
4,16,10
4,13,10
4,10,10
5,8,10
6,5,10
7,4,10
7,3,10
12,2,10
16,0,10
0,69,9
0,64,9
1,49,9
1,40,9
1,39,9
1,36,9
2,32,9
2,29,9
2,24,9
2,23,9
3,20,9
4,18,9
5,17,9
5,14,9
5,11,9
5,9,9
6,6,9
7,5,9
7,4,9
7,2,9
16,1,9
16,0,9
0,73,8
1,56,8
1,51,8
1,49,8
1,42,8
1,39,8
2,29,8
2,18,8
5,15,8
7,13,8
7,11,8
8,10,8
9,8,8
11,7,8
12,6,8
13,4,8
20,2,8
23,1,8
29,0,8
0,93,7
0,90,7
0,83,7
1,77,7
1,64,7
1,53,7
1,43,7
2,36,7
3,32,7
3,29,7
4,21,7
6,15,7
9,12,7
10,10,7
13,9,7
14,8,7
17,7,7
17,5,7
20,4,7
21,1,7
39,0,7
0,121,6
0,120,6
0,119,6
0,103,6
0,99,6
1,86,6
1,69,6
1,64,6
2,63,6
2,62,6
3,57,6
3,48,6
3,47,6
5,37,6
7,34,6
7,27,6
14,22,6
16,20,6
20,17,6
26,14,6
28,13,6
30,12,6
31,11,6
32,9,6
34,7,6
41,6,6
41,5,6
44,4,6
47,3,6
52,2,6
73,1,6
698,0,6
0,141,5
0,134,5
1,120,5
1,118,5
1,102,5
1,85,5
2,81,5
3,72,5
3,67,5
5,55,5
7,51,5
13,50,5
15,49,5
16,43,5
21,39,5
26,36,5
29,31,5
34,29,5
35,28,5
46,25,5
55,23,5
62,20,5
65,19,5
69,16,5
83,15,5
88,14,5
93,13,5
96,12,5
97,11,5
98,10,5
100,9,5
103,8,5
104,7,5
107,6,5
109,5,5
128,4,5
150,3,5
679,2,5
0,27,18
0,25,18
0,24,18
1,21,18
1,20,18
1,14,18
2,8,18
3,7,18
3,5,18
4,4,18
7,2,18
11,1,18
16,0,18
0,34,17
0,32,17
0,29,17
0,25,17
1,23,17
1,17,17
2,13,17
2,10,17
3,7,17
4,6,17
4,4,17
8,2,17
15,1,17
17,0,17
0,31,16
0,28,16
0,27,16
1,23,16
1,19,16
1,18,16
1,14,16
2,12,16
2,11,16
2,8,16
3,7,16
3,5,16
4,4,16
7,3,16
10,2,16
11,1,16
15,0,16
0,34,15
0,29,15
1,26,15
1,19,15
1,16,15
2,15,15
2,8,15
3,5,15
6,4,15
6,2,15
8,1,15
14,0,15
0,44,14
0,37,14
0,32,14
1,28,14
1,27,14
1,23,14
1,20,14
1,19,14
1,16,14
2,15,14
2,14,14
3,13,14
3,6,14
5,5,14
6,4,14
7,3,14
10,2,14
15,1,14
16,0,14
0,43,13
0,41,13
0,39,13
0,29,13
1,24,13
1,22,13
1,20,13
2,15,13
2,10,13
4,9,13
4,7,13
5,5,13
6,4,13
9,3,13
10,2,13
13,1,13
15,0,13
0,47,12
0,46,12
0,45,12
0,44,12
0,42,12
1,27,12
1,20,12
2,15,12
3,11,12
4,10,12
4,9,12
5,8,12
5,6,12
6,4,12
11,3,12
13,2,12
14,1,12
17,0,12
0,58,11
0,37,11
1,36,11
1,35,11
1,25,11
1,24,11
2,23,11
2,20,11
2,17,11
3,16,11
4,15,11
4,13,11
5,10,11
6,9,11
6,8,11
6,7,11
6,6,11
7,5,11
7,4,11
9,3,11
13,2,11
15,1,11
19,0,11
0,58,10
0,54,10
1,44,10
1,39,10
1,36,10
1,31,10
1,30,10
2,28,10
2,23,10
2,22,10
3,13,10
5,11,10
5,10,10
6,7,10
7,6,10
8,5,10
8,4,10
9,3,10
12,1,10
19,0,10
0,76,9
0,75,9
0,74,9
0,68,9
0,63,9
0,56,9
1,54,9
1,45,9
1,44,9
1,38,9
2,36,9
2,33,9
2,20,9
2,19,9
4,18,9
4,13,9
6,12,9
6,11,9
6,8,9
8,6,9
9,4,9
16,3,9
20,2,9
21,1,9
26,0,9
0,86,8
0,84,8
0,82,8
0,80,8
0,76,8
0,73,8
0,71,8
1,62,8
1,54,8
1,49,8
1,43,8
1,41,8
2,35,8
2,31,8
3,29,8
3,27,8
4,16,8
7,15,8
7,13,8
7,10,8
8,9,8
9,7,8
10,6,8
11,2,8
38,1,8
44,0,8
0,107,7
0,90,7
0,87,7
0,86,7
0,85,7
0,84,7
1,66,7
1,62,7
1,59,7
1,57,7
2,53,7
2,49,7
2,44,7
2,36,7
3,35,7
3,25,7
4,22,7
4,21,7
6,18,7
7,17,7
8,12,7
9,10,7
12,9,7
14,6,7
16,5,7
19,3,7
31,2,7
36,1,7
49,0,7
0,102,6
1,91,6
1,90,6
1,82,6
1,81,6
1,79,6
1,71,6
1,63,6
2,56,6
3,47,6
4,44,6
5,42,6
5,36,6
8,31,6
10,30,6
10,28,6
11,25,6
14,24,6
15,22,6
15,20,6
16,19,6
17,16,6
19,15,6
20,14,6
20,13,6
21,11,6
21,7,6
26,5,6
27,4,6
41,3,6
50,2,6
55,1,6
146,0,6
0,149,5
0,147,5
0,137,5
0,131,5
1,125,5
1,113,5
1,94,5
1,93,5
2,88,5
2,85,5
3,84,5
3,83,5
4,82,5
4,81,5
4,75,5
4,69,5
5,64,5
6,63,5
6,57,5
9,49,5
19,47,5
22,46,5
23,32,5
24,26,5
28,24,5
31,23,5
33,22,5
35,20,5
36,19,5
37,18,5
40,17,5
44,16,5
50,15,5
56,14,5
57,13,5
66,11,5
71,8,5
88,7,5
93,6,5
97,5,5
193,4,5
437,3,5
674,2,5
0,31,18
0,30,18
0,27,18
0,26,18
0,25,18
0,23,18
1,18,18
1,17,18
1,12,18
2,11,18
2,10,18
3,9,18
3,7,18
4,5,18
4,4,18
9,3,18
10,2,18
11,1,18
13,0,18
1,13,17
2,8,17
3,6,17
4,5,17
4,4,17
7,2,17
12,1,17
15,0,17
0,39,16
0,37,16
0,31,16
0,30,16
0,28,16
1,23,16
1,20,16
1,15,16
2,14,16
2,12,16
3,10,16
4,9,16
4,8,16
4,5,16
5,4,16
5,3,16
9,2,16
11,1,16
13,0,16
0,39,15
0,33,15
0,32,15
1,24,15
1,21,15
1,20,15
1,19,15
2,18,15
2,17,15
2,12,15
2,10,15
3,7,15
4,3,15
5,2,15
9,1,15
12,0,15
0,39,14
0,37,14
0,36,14
0,28,14
1,25,14
1,19,14
2,17,14
2,16,14
2,14,14
3,13,14
3,11,14
3,9,14
4,7,14
4,5,14
5,4,14
5,2,14
10,1,14
13,0,14
0,47,13
0,39,13
0,38,13
0,36,13
0,31,13
1,20,13
1,17,13
2,16,13
2,13,13
2,9,13
3,6,13
5,4,13
8,3,13
11,2,13
14,1,13
19,0,13
0,58,12
0,56,12
0,53,12
0,50,12
0,48,12
0,36,12
1,31,12
1,29,12
1,26,12
1,20,12
2,16,12
3,12,12
3,11,12
3,10,12
5,9,12
6,8,12
6,7,12
6,6,12
7,5,12
9,4,12
9,3,12
9,2,12
12,1,12
17,0,12
0,60,11
0,59,11
0,58,11
0,53,11
0,51,11
0,43,11
1,33,11
1,30,11
1,24,11
2,19,11
2,17,11
3,15,11
4,8,11
5,7,11
6,5,11
7,4,11
7,3,11
13,1,11
21,0,11
0,62,10
0,61,10
0,57,10
0,56,10
0,50,10
1,44,10
1,43,10
1,42,10
1,35,10
1,33,10
2,32,10
2,30,10
2,28,10
2,19,10
3,18,10
3,17,10
4,13,10
5,12,10
5,8,10
6,6,10
7,4,10
10,3,10
11,1,10
17,0,10
0,70,9
0,69,9
0,68,9
0,63,9
0,59,9
1,41,9
1,40,9
1,37,9
2,35,9
2,33,9
2,30,9
2,28,9
2,27,9
2,26,9
3,24,9
3,23,9
3,20,9
4,16,9
5,11,9
6,8,9
7,6,9
10,5,9
11,4,9
24,3,9
26,1,9
31,0,9
0,88,8
0,80,8
0,79,8
0,72,8
0,64,8
1,58,8
1,54,8
1,47,8
1,42,8
1,39,8
2,31,8
3,26,8
4,22,8
4,19,8
4,18,8
5,15,8
6,10,8
7,7,8
10,5,8
11,3,8
12,0,8
0,100,7
0,94,7
0,92,7
0,90,7
0,88,7
0,87,7
0,80,7
1,66,7
1,60,7
1,49,7
2,40,7
3,38,7
4,37,7
4,31,7
5,28,7
5,23,7
6,20,7
9,19,7
9,16,7
11,14,7
12,10,7
14,8,7
14,7,7
14,6,7
17,4,7
30,2,7
36,1,7
42,0,7
0,116,6
0,111,6
0,108,6
0,104,6
1,101,6
1,79,6
1,78,6
1,76,6
1,66,6
2,63,6
2,61,6
2,53,6
3,49,6
4,47,6
4,42,6
5,41,6
6,35,6
8,34,6
8,28,6
9,27,6
9,26,6
13,25,6
15,20,6
16,17,6
18,10,6
21,9,6
22,8,6
22,7,6
24,6,6
26,4,6
33,3,6
37,1,6
140,0,6
0,166,5
0,161,5
0,141,5
0,138,5
0,136,5
1,118,5
1,115,5
1,108,5
1,106,5
1,100,5
2,99,5
2,98,5
2,95,5
2,88,5
2,78,5
3,77,5
4,76,5
5,74,5
5,69,5
6,60,5
11,59,5
12,57,5
13,56,5
13,54,5
17,53,5
17,43,5
22,42,5
24,41,5
26,39,5
31,38,5
32,36,5
33,35,5
37,32,5
40,28,5
42,25,5
45,24,5
48,23,5
53,19,5
64,17,5
67,15,5
69,14,5
78,12,5
79,11,5
83,10,5
85,8,5
88,7,5
93,5,5
96,3,5
114,2,5
0,35,18
0,28,18
0,27,18
0,26,18
1,21,18
1,11,18
2,10,18
2,9,18
2,7,18
2,6,18
3,5,18
4,4,18
8,1,18
14,0,18
0,24,17
0,23,17
1,18,17
1,17,17
1,15,17
1,14,17
2,11,17
2,9,17
3,4,17
9,3,17
15,2,17
18,0,17
0,40,16
0,34,16
0,30,16
0,23,16
1,18,16
1,17,16
1,16,16
2,14,16
2,13,16
2,10,16
3,6,16
4,5,16
4,4,16
6,3,16
9,2,16
12,1,16
17,0,16
0,31,15
0,29,15
0,28,15
1,18,15
1,16,15
2,15,15
2,14,15
2,12,15
3,11,15
3,9,15
4,8,15
4,7,15
5,6,15
5,5,15
6,3,15
8,1,15
12,0,15
0,35,14
0,34,14
0,32,14
1,25,14
1,22,14
1,21,14
1,17,14
2,16,14
2,15,14
3,12,14
3,11,14
4,9,14
4,7,14
4,5,14
6,3,14
6,0,14
0,45,13
0,43,13
0,39,13
1,33,13
1,26,13
1,25,13
1,24,13
2,14,13
3,13,13
3,12,13
3,11,13
3,8,13
4,4,13
5,2,13
13,0,13
0,43,12
0,35,12
1,29,12
1,26,12
1,22,12
1,21,12
2,20,12
2,18,12
2,14,12
4,11,12
4,4,12
21,3,12
22,1,12
28,0,12
0,50,11
0,46,11
1,43,11
1,33,11
1,26,11
2,25,11
2,24,11
2,18,11
3,17,11
4,16,11
4,10,11
5,7,11
5,5,11
6,4,11
8,3,11
10,2,11
11,0,11
0,65,10
0,60,10
0,59,10
0,49,10
1,44,10
1,39,10
1,36,10
1,33,10
2,27,10
2,26,10
2,19,10
3,17,10
4,13,10
5,12,10
5,11,10
7,8,10
8,4,10
8,3,10
11,2,10
15,1,10
22,0,10
0,78,9
0,76,9
0,70,9
0,67,9
0,63,9
0,62,9
0,60,9
1,52,9
1,40,9
2,37,9
2,35,9
2,26,9
2,24,9
2,23,9
2,19,9
3,16,9
3,11,9
6,6,9
8,5,9
9,4,9
13,3,9
15,2,9
17,1,9
24,0,9
0,81,8
0,70,8
0,69,8
1,64,8
1,60,8
1,54,8
1,53,8
1,52,8
1,51,8
1,50,8
1,40,8
2,38,8
2,34,8
2,30,8
3,25,8
4,19,8
6,13,8
7,11,8
8,9,8
9,5,8
11,4,8
16,3,8
18,2,8
19,1,8
26,0,8
0,93,7
0,89,7
0,87,7
0,82,7
1,79,7
1,74,7
1,71,7
1,65,7
1,64,7
1,63,7
1,61,7
1,57,7
2,53,7
2,49,7
2,42,7
3,36,7
3,34,7
4,29,7
5,27,7
5,26,7
5,22,7
8,17,7
9,14,7
10,10,7
13,9,7
14,8,7
14,6,7
16,5,7
17,4,7
20,3,7
24,2,7
27,1,7
32,0,7
0,106,6
0,103,6
0,102,6
0,101,6
1,67,6
1,62,6
2,61,6
2,56,6
3,52,6
3,50,6
4,49,6
4,44,6
5,43,6
5,42,6
6,41,6
6,37,6
7,34,6
9,27,6
12,25,6
13,22,6
15,17,6
18,16,6
19,15,6
20,14,6
20,13,6
22,11,6
23,10,6
25,9,6
27,8,6
27,6,6
35,5,6
36,4,6
37,3,6
59,2,6
63,1,6
70,0,6
0,134,5
0,131,5
1,112,5
1,104,5
1,103,5
1,102,5
1,92,5
1,90,5
2,87,5
2,85,5
3,83,5
3,82,5
3,80,5
3,75,5
4,73,5
4,65,5
4,63,5
7,62,5
8,53,5
14,45,5
17,44,5
18,41,5
21,38,5
21,36,5
23,34,5
27,29,5
48,28,5
52,26,5
59,23,5
61,21,5
69,18,5
74,15,5
91,14,5
96,12,5
101,11,5
116,10,5
122,8,5
124,7,5
134,6,5
140,5,5
141,4,5
149,3,5
1034,2,5
0,34,18
0,29,18
0,27,18
0,26,18
0,21,18
1,19,18
1,8,18
3,3,18
6,2,18
9,1,18
9,0,18
0,38,17
0,33,17
0,29,17
0,24,17
1,21,17
1,19,17
1,18,17
1,14,17
2,12,17
3,11,17
3,10,17
3,8,17
4,6,17
4,5,17
5,4,17
7,3,17
8,2,17
11,1,17
12,0,17
0,31,16
0,28,16
0,27,16
1,20,16
1,16,16
1,14,16
2,8,16
3,7,16
3,6,16
4,4,16
6,3,16
11,2,16
14,1,16
17,0,16
0,41,15
0,40,15
0,38,15
0,36,15
0,30,15
1,26,15
1,24,15
1,18,15
2,14,15
2,11,15
3,7,15
4,3,15
10,1,15
13,0,15
0,36,14
0,34,14
1,31,14
1,27,14
1,24,14
1,17,14
2,13,14
3,11,14
4,10,14
4,8,14
5,7,14
5,6,14
6,5,14
7,4,14
7,3,14
12,2,14
18,1,14
21,0,14
0,44,13
0,40,13
0,38,13
1,27,13
1,23,13
1,19,13
2,16,13
2,13,13
3,12,13
4,7,13
5,6,13
6,4,13
8,3,13
10,2,13
13,1,13
17,0,13
0,59,12
0,54,12
0,49,12
0,48,12
0,46,12
0,40,12
0,37,12
1,28,12
1,23,12
1,22,12
2,18,12
2,14,12
3,11,12
4,8,12
5,6,12
6,4,12
11,3,12
17,2,12
18,1,12
26,0,12
0,47,11
0,46,11
1,41,11
1,29,11
1,27,11
2,22,11
2,21,11
2,20,11
2,18,11
3,7,11
5,6,11
5,5,11
6,2,11
8,1,11
11,0,11
0,64,10
0,57,10
0,54,10
1,40,10
1,34,10
1,32,10
2,31,10
2,26,10
2,21,10
3,17,10
3,14,10
4,12,10
4,11,10
5,10,10
5,9,10
7,7,10
8,4,10
10,2,10
16,1,10
18,0,10
0,86,9
0,81,9
0,71,9
0,65,9
0,59,9
1,41,9
1,37,9
2,34,9
2,29,9
3,28,9
3,27,9
3,24,9
3,23,9
3,22,9
3,21,9
3,20,9
4,19,9
4,18,9
4,16,9
4,14,9
5,13,9
6,11,9
6,10,9
7,8,9
7,7,9
8,5,9
10,4,9
10,2,9
24,1,9
28,0,9
0,74,8
0,72,8
0,69,8
0,63,8
1,61,8
1,49,8
1,47,8
1,43,8
2,39,8
2,36,8
2,33,8
2,28,8
3,21,8
4,20,8
4,19,8
5,14,8
7,11,8
7,8,8
9,7,8
10,4,8
16,3,8
24,2,8
28,1,8
30,0,8
0,88,7
0,84,7
0,82,7
1,62,7
1,61,7
1,60,7
1,54,7
2,46,7
2,43,7
3,35,7
3,28,7
4,20,7
6,18,7
7,17,7
8,16,7
8,11,7
11,9,7
15,5,7
16,4,7
18,3,7
28,2,7
31,1,7
33,0,7
0,118,6
0,117,6
0,111,6
0,110,6
0,108,6
0,105,6
0,103,6
0,101,6
1,94,6
1,93,6
1,90,6
1,89,6
1,86,6
1,76,6
1,75,6
1,67,6
2,66,6
2,58,6
2,56,6
3,53,6
3,51,6
3,37,6
8,36,6
8,35,6
9,33,6
12,32,6
13,31,6
14,28,6
14,25,6
15,21,6
19,17,6
22,15,6
22,14,6
25,11,6
26,10,6
27,8,6
28,7,6
34,5,6
36,4,6
50,3,6
52,2,6
68,1,6
206,0,6
0,148,5
0,142,5
0,141,5
0,140,5
0,135,5
1,110,5
1,100,5
1,94,5
1,93,5
1,92,5
1,87,5
2,86,5
3,84,5
3,83,5
4,82,5
4,80,5
4,73,5
5,72,5
6,63,5
7,62,5
10,61,5
10,56,5
13,54,5
13,53,5
15,52,5
17,46,5
24,44,5
26,43,5
26,41,5
29,40,5
31,39,5
32,37,5
34,36,5
37,35,5
39,31,5
40,26,5
47,25,5
52,24,5
54,22,5
61,21,5
61,17,5
73,16,5
82,14,5
93,12,5
96,11,5
110,10,5
111,8,5
113,6,5
123,5,5
164,4,5
1926,3,5
2503,2,5
0,35,18
0,29,18
0,27,18
0,26,18
0,23,18
1,22,18
1,19,18
1,12,18
1,10,18
2,9,18
3,8,18
3,5,18
4,3,18
9,2,18
10,1,18
11,0,18
0,37,17
0,28,17
0,27,17
0,20,17
1,17,17
1,15,17
1,14,17
2,13,17
2,11,17
2,10,17
2,8,17
3,5,17
5,3,17
8,2,17
10,1,17
12,0,17
1,24,16
1,22,16
1,21,16
1,19,16
1,11,16
3,10,16
3,6,16
5,3,16
11,2,16
13,1,16
16,0,16
0,37,15
0,30,15
1,25,15
1,22,15
1,17,15
2,14,15
2,13,15
2,9,15
4,8,15
4,6,15
4,5,15
5,4,15
9,3,15
11,2,15
13,1,15
13,0,15
0,42,14
0,41,14
0,35,14
0,33,14
1,32,14
1,20,14
1,19,14
2,18,14
2,14,14
2,13,14
2,10,14
3,9,14
3,8,14
5,6,14
5,5,14
5,3,14
15,2,14
17,1,14
18,0,14
0,49,13
0,36,13
1,25,13
1,23,13
1,22,13
2,19,13
2,15,13
2,13,13
2,11,13
3,9,13
3,7,13
5,5,13
6,4,13
8,3,13
10,2,13
13,1,13
14,0,13
0,44,12
0,42,12
0,40,12
1,23,12
1,21,12
2,18,12
2,16,12
2,12,12
3,10,12
5,7,12
6,6,12
7,5,12
8,3,12
8,1,12
17,0,12
0,61,11
0,58,11
0,51,11
0,46,11
1,41,11
1,30,11
1,28,11
1,27,11
2,16,11
3,14,11
3,13,11
3,11,11
4,10,11
4,9,11
5,8,11
5,4,11
15,3,11
18,2,11
20,1,11
28,0,11
0,70,10
0,56,10
0,51,10
1,43,10
1,38,10
1,35,10
1,34,10
1,33,10
2,29,10
2,28,10
2,25,10
2,24,10
3,23,10
3,20,10
3,12,10
4,10,10
5,5,10
6,4,10
13,3,10
14,2,10
19,1,10
21,0,10
0,65,9
0,63,9
0,61,9
0,59,9
1,51,9
1,44,9
1,41,9
1,39,9
1,36,9
2,35,9
2,31,9
2,30,9
2,26,9
2,21,9
3,17,9
3,14,9
5,12,9
6,11,9
6,10,9
7,9,9
8,8,9
8,7,9
9,5,9
10,2,9
14,1,9
22,0,9
0,81,8
0,78,8
0,74,8
0,71,8
0,64,8
1,60,8
1,58,8
1,56,8
1,50,8
1,49,8
1,47,8
1,44,8
2,43,8
2,42,8
2,41,8
2,38,8
2,32,8
3,28,8
3,26,8
3,24,8
4,21,8
5,17,8
6,15,8
6,12,8
7,11,8
8,10,8
8,8,8
11,7,8
11,5,8
12,4,8
23,3,8
25,2,8
26,1,8
33,0,8
0,98,7
0,96,7
0,94,7
0,91,7
0,85,7
1,74,7
1,54,7
2,48,7
2,43,7
2,41,7
3,37,7
3,30,7
5,28,7
6,25,7
6,22,7
6,19,7
8,17,7
10,11,7
11,10,7
13,9,7
13,8,7
14,7,7
15,6,7
16,5,7
17,3,7
26,2,7
28,1,7
35,0,7
0,117,6
0,104,6
0,99,6
1,93,6
1,82,6
1,81,6
1,75,6
1,74,6
2,71,6
2,70,6
2,65,6
2,54,6
3,42,6
4,38,6
5,32,6
6,30,6
8,25,6
8,24,6
8,23,6
9,22,6
10,21,6
10,17,6
12,15,6
14,12,6
16,9,6
19,8,6
20,7,6
21,6,6
21,5,6
24,4,6
29,3,6
32,2,6
36,1,6
80,0,6
0,167,5
0,153,5
0,152,5
0,150,5
0,140,5
0,135,5
0,133,5
0,131,5
1,117,5
1,113,5
1,108,5
1,103,5
1,100,5
1,97,5
1,95,5
2,92,5
2,87,5
2,85,5
2,84,5
3,80,5
3,78,5
4,75,5
4,68,5
5,60,5
9,59,5
12,57,5
12,56,5
13,54,5
13,52,5
14,51,5
15,48,5
19,47,5
20,44,5
28,41,5
31,37,5
36,36,5
37,35,5
41,33,5
42,31,5
43,28,5
55,27,5
55,26,5
58,22,5
60,20,5
64,19,5
66,17,5
72,15,5
75,13,5
95,12,5
110,11,5
115,10,5
117,9,5
126,8,5
128,7,5
136,6,5
147,5,5
153,4,5
0,23,18
1,22,18
1,16,18
1,15,18
1,12,18
2,11,18
2,6,18
4,5,18
5,4,18
6,3,18
7,1,18
10,0,18
0,36,17
0,35,17
0,30,17
0,28,17
0,21,17
1,19,17
1,17,17
1,13,17
2,12,17
2,11,17
3,9,17
3,6,17
4,5,17
5,3,17
6,2,17
8,1,17
10,0,17
0,42,16
0,37,16
0,33,16
0,32,16
0,29,16
0,25,16
1,23,16
1,21,16
1,19,16
1,18,16
1,16,16
2,15,16
2,12,16
2,8,16
3,7,16
3,6,16
4,5,16
5,4,16
9,1,16
16,0,16
0,43,15
0,41,15
0,38,15
0,36,15
0,35,15
0,32,15
0,25,15
1,23,15
1,20,15
1,18,15
2,9,15
3,8,15
4,7,15
4,6,15
5,2,15
11,1,15
21,0,15
0,40,14
0,34,14
0,32,14
0,30,14
1,28,14
1,17,14
2,16,14
2,11,14
3,8,14
4,7,14
5,5,14
5,4,14
8,3,14
9,2,14
11,1,14
15,0,14
0,46,13
0,42,13
0,35,13
0,31,13
1,26,13
1,24,13
1,23,13
1,21,13
2,20,13
2,19,13
2,16,13
3,7,13
4,4,13
14,3,13
15,2,13
17,1,13
21,0,13
0,51,12
0,50,12
0,49,12
0,44,12
0,42,12
1,34,12
1,24,12
1,20,12
2,18,12
2,17,12
2,16,12
3,13,12
3,10,12
5,9,12
5,4,12
7,3,12
7,2,12
12,1,12
15,0,12
0,52,11
0,50,11
0,41,11
1,39,11
1,36,11
1,26,11
1,24,11
2,21,11
2,20,11
2,17,11
3,16,11
3,15,11
4,13,11
4,12,11
4,3,11
14,2,11
22,1,11
25,0,11
0,71,10
0,64,10
0,61,10
0,59,10
0,58,10
0,48,10
1,35,10
1,28,10
2,27,10
2,25,10
2,23,10
2,21,10
3,14,10
3,13,10
5,12,10
5,11,10
5,7,10
7,3,10
25,1,10
32,0,10
0,65,9
0,61,9
0,53,9
1,48,9
1,43,9
1,40,9
1,39,9
1,35,9
2,31,9
2,28,9
2,27,9
2,26,9
3,25,9
3,21,9
4,17,9
5,12,9
6,11,9
6,8,9
6,7,9
8,6,9
10,4,9
16,3,9
18,2,9
22,1,9
28,0,9
0,96,8
0,85,8
0,84,8
0,80,8
0,74,8
0,73,8
0,68,8
1,60,8
1,58,8
1,53,8
1,51,8
1,42,8
2,38,8
2,29,8
3,28,8
3,26,8
5,21,8
5,19,8
6,16,8
6,14,8
8,13,8
8,12,8
9,11,8
9,10,8
10,5,8
11,2,8
18,1,8
29,0,8
0,92,7
0,86,7
0,81,7
0,78,7
1,69,7
1,66,7
1,58,7
1,51,7
2,46,7
3,45,7
3,36,7
3,33,7
4,27,7
5,26,7
5,23,7
7,19,7
8,16,7
9,13,7
12,10,7
14,5,7
17,4,7
17,3,7
24,2,7
26,1,7
31,0,7
0,116,6
0,114,6
0,112,6
0,106,6
1,94,6
1,81,6
1,80,6
1,73,6
1,72,6
2,69,6
2,68,6
2,51,6
3,45,6
3,44,6
5,37,6
6,33,6
6,30,6
7,29,6
10,25,6
10,24,6
11,15,6
15,13,6
17,12,6
18,6,6
22,5,6
24,4,6
28,3,6
35,2,6
47,1,6
157,0,6
0,142,5
0,137,5
1,93,5
2,83,5
2,81,5
3,79,5
3,77,5
4,73,5
4,69,5
6,66,5
6,61,5
9,57,5
16,56,5
16,53,5
17,46,5
22,45,5
23,44,5
24,39,5
37,36,5
38,35,5
40,32,5
51,30,5
55,28,5
61,25,5
67,23,5
73,22,5
79,20,5
91,19,5
92,17,5
102,16,5
111,15,5
118,14,5
119,12,5
123,11,5
131,10,5
132,9,5
133,8,5
147,6,5
151,5,5
177,4,5
186,3,5
257,2,5
0,37,18
0,36,18
0,35,18
0,34,18
0,32,18
0,29,18
0,20,18
0,19,18
1,18,18
1,17,18
1,15,18
1,14,18
1,12,18
2,10,18
2,7,18
3,4,18
6,3,18
10,2,18
12,1,18
13,0,18
0,37,17
0,31,17
0,29,17
0,27,17
0,25,17
1,22,17
1,19,17
1,15,17
1,14,17
2,12,17
2,11,17
2,9,17
3,7,17
4,5,17
5,4,17
6,2,17
9,1,17
10,0,17
0,29,16
1,23,16
1,21,16
1,19,16
1,18,16
1,17,16
2,10,16
3,9,16
3,8,16
4,7,16
4,5,16
5,4,16
6,3,16
7,2,16
11,1,16
14,0,16
0,38,15
0,33,15
0,32,15
0,31,15
0,29,15
1,24,15
1,17,15
2,13,15
2,12,15
2,10,15
3,8,15
3,6,15
4,5,15
5,4,15
6,3,15
10,1,15
14,0,15
0,42,14
0,37,14
0,35,14
1,33,14
1,32,14
1,29,14
1,24,14
1,20,14
1,19,14
2,16,14
2,11,14
2,8,14
4,7,14
4,6,14
5,4,14
9,3,14
11,1,14
13,0,14
0,51,13
0,50,13
0,47,13
0,40,13
0,39,13
1,31,13
1,29,13
1,24,13
1,19,13
2,12,13
3,11,13
3,8,13
4,7,13
5,5,13
7,4,13
7,3,13
10,2,13
11,1,13
16,0,13
0,47,12
0,46,12
0,43,12
0,35,12
1,32,12
1,31,12
1,25,12
2,24,12
2,16,12
3,15,12
3,13,12
4,8,12
6,4,12
8,2,12
13,1,12
14,0,12
0,65,11
0,57,11
0,55,11
0,53,11
0,52,11
0,44,11
1,40,11
1,35,11
1,30,11
1,29,11
2,25,11
2,19,11
2,16,11
3,14,11
3,12,11
4,10,11
4,9,11
4,5,11
6,3,11
10,2,11
11,1,11
17,0,11
0,64,10
0,63,10
0,60,10
0,58,10
0,56,10
0,53,10
1,50,10
1,41,10
1,36,10
1,35,10
1,33,10
1,31,10
1,29,10
2,27,10
2,25,10
2,24,10
2,23,10
2,20,10
3,18,10
3,14,10
4,13,10
4,9,10
4,3,10
17,2,10
19,1,10
20,0,10
0,74,9
0,61,9
0,52,9
1,51,9
1,49,9
1,45,9
1,35,9
1,32,9
2,29,9
2,26,9
3,24,9
3,19,9
4,15,9
4,13,9
5,8,9
10,5,9
10,4,9
18,3,9
18,2,9
27,1,9
28,0,9
0,87,8
0,80,8
0,79,8
0,66,8
1,55,8
1,53,8
1,43,8
1,42,8
2,35,8
2,34,8
2,30,8
2,28,8
3,27,8
3,20,8
4,18,8
5,17,8
6,13,8
8,11,8
9,10,8
10,9,8
10,8,8
12,7,8
13,6,8
14,4,8
28,3,8
34,1,8
38,0,8
0,105,7
0,100,7
0,98,7
0,93,7
0,90,7
0,74,7
1,69,7
1,68,7
1,48,7
2,47,7
2,35,7
3,34,7
4,33,7
4,29,7
4,23,7
5,20,7
5,18,7
8,16,7
8,13,7
9,11,7
15,8,7
18,7,7
19,6,7
21,5,7
23,4,7
23,3,7
32,2,7
36,1,7
68,0,7
0,121,6
0,115,6
0,109,6
0,105,6
1,90,6
1,84,6
1,76,6
1,72,6
2,57,6
2,54,6
3,52,6
4,45,6
4,40,6
5,38,6
6,34,6
7,32,6
8,30,6
8,24,6
10,22,6
10,20,6
11,19,6
12,14,6
19,13,6
20,11,6
20,9,6
21,7,6
25,6,6
29,4,6
42,3,6
46,2,6
57,1,6
68,0,6
0,135,5
0,133,5
0,127,5
1,121,5
1,95,5
1,91,5
2,78,5
3,77,5
4,74,5
4,72,5
5,70,5
5,62,5
6,61,5
6,58,5
8,54,5
9,52,5
11,50,5
12,43,5
20,37,5
25,31,5
31,29,5
35,26,5
39,25,5
42,22,5
47,20,5
53,19,5
55,18,5
58,16,5
65,15,5
67,14,5
70,13,5
72,12,5
78,10,5
87,9,5
96,7,5
102,6,5
105,5,5
108,4,5
117,3,5
134,2,5
0,27,18
0,20,18
1,13,18
1,12,18
2,11,18
2,9,18
3,6,18
3,5,18
4,4,18
5,3,18
8,2,18
12,1,18
14,0,18
0,31,17
0,26,17
0,24,17
1,18,17
1,16,17
1,15,17
1,14,17
2,9,17
3,8,17
3,6,17
4,5,17
5,4,17
6,2,17
7,1,17
8,0,17
0,30,16
0,29,16
1,26,16
1,25,16
1,21,16
1,16,16
2,12,16
2,10,16
3,6,16
4,5,16
4,4,16
7,3,16
9,2,16
11,1,16
13,0,16
0,42,15
0,40,15
0,39,15
0,34,15
0,32,15
0,30,15
1,25,15
1,22,15
1,19,15
1,15,15
2,10,15
3,8,15
3,7,15
4,6,15
4,5,15
5,4,15
10,3,15
11,2,15
13,1,15
14,0,15
0,37,14
0,33,14
0,30,14
1,21,14
1,19,14
2,16,14
2,14,14
2,12,14
3,9,14
4,5,14
4,4,14
4,2,14
14,1,14
14,0,14
0,51,13
0,48,13
0,43,13
0,42,13
0,41,13
0,37,13
1,28,13
1,20,13
2,18,13
2,15,13
2,13,13
3,11,13
3,8,13
4,7,13
4,5,13
4,3,13
11,2,13
13,1,13
18,0,13
0,49,12
0,46,12
0,40,12
1,37,12
1,33,12
1,30,12
1,25,12
1,23,12
2,22,12
2,13,12
3,12,12
3,10,12
4,8,12
5,5,12
7,4,12
7,3,12
12,2,12
18,1,12
21,0,12
0,56,11
0,53,11
0,50,11
0,48,11
0,45,11
0,42,11
1,32,11
1,26,11
2,22,11
2,16,11
3,13,11
3,12,11
4,11,11
4,6,11
7,5,11
9,4,11
9,3,11
9,2,11
12,0,11
0,73,10
0,72,10
0,65,10
0,56,10
0,51,10
0,50,10
1,43,10
1,32,10
1,29,10
2,24,10
3,20,10
3,17,10
4,10,10
6,9,10
7,1,10
25,0,10
0,72,9
0,69,9
0,58,9
0,57,9
1,39,9
1,38,9
1,36,9
1,34,9
2,29,9
2,28,9
2,24,9
2,23,9
3,22,9
3,18,9
3,7,9
6,6,9
8,5,9
10,3,9
17,2,9
20,1,9
24,0,9
1,64,8
1,61,8
1,60,8
1,56,8
1,55,8
1,44,8
2,43,8
2,36,8
2,34,8
3,27,8
3,23,8
4,19,8
5,16,8
5,14,8
6,12,8
7,11,8
9,8,8
10,7,8
10,3,8
25,2,8
31,1,8
37,0,8
0,103,7
0,88,7
0,84,7
1,72,7
1,70,7
1,65,7
1,43,7
3,37,7
3,36,7
3,31,7
4,29,7
5,24,7
6,22,7
6,16,7
8,12,7
11,11,7
11,7,7
13,5,7
15,4,7
20,3,7
29,2,7
35,1,7
36,0,7
0,107,6
0,105,6
1,84,6
1,64,6
2,63,6
2,62,6
2,60,6
3,59,6
3,55,6
3,39,6
5,36,6
6,35,6
6,33,6
9,31,6
9,28,6
10,27,6
12,23,6
12,22,6
14,21,6
16,20,6
17,18,6
19,16,6
19,15,6
21,14,6
21,12,6
25,11,6
26,10,6
28,9,6
29,8,6
32,7,6
35,6,6
38,5,6
38,4,6
51,3,6
62,2,6
66,1,6
98,0,6
0,149,5
0,144,5
0,140,5
0,136,5
0,133,5
1,120,5
1,116,5
1,104,5
1,103,5
1,102,5
1,93,5
2,90,5
2,87,5
2,85,5
2,78,5
3,77,5
3,76,5
5,74,5
5,69,5
6,63,5
7,59,5
12,58,5
13,50,5
17,49,5
18,43,5
21,36,5
23,35,5
30,33,5
32,31,5
37,28,5
44,27,5
53,26,5
54,25,5
56,23,5
57,22,5
60,19,5
69,17,5
71,16,5
72,14,5
76,11,5
92,10,5
95,9,5
97,6,5
124,5,5
166,4,5
1824,3,5
2163,2,5
0,27,18
0,26,18
1,25,18
1,20,18
1,15,18
2,11,18
2,8,18
2,6,18
3,4,18
3,3,18
9,2,18
14,1,18
15,0,18
0,31,17
0,29,17
0,24,17
1,22,17
1,21,17
1,18,17
1,17,17
1,14,17
1,13,17
1,10,17
4,9,17
4,7,17
4,6,17
5,4,17
8,3,17
10,2,17
12,1,17
16,0,17
0,36,16
0,33,16
0,30,16
0,24,16
1,22,16
1,18,16
1,14,16
2,11,16
2,9,16
3,5,16
5,4,16
5,1,16
15,0,16
0,44,15
0,43,15
0,38,15
0,37,15
0,35,15
0,34,15
0,32,15
0,30,15
1,23,15
1,20,15
1,14,15
2,13,15
2,10,15
3,8,15
3,7,15
4,5,15
5,3,15
12,2,15
13,1,15
17,0,15
0,54,14
0,36,14
0,35,14
0,34,14
1,31,14
1,29,14
1,21,14
1,20,14
2,14,14
3,12,14
3,11,14
4,8,14
4,7,14
5,4,14
9,3,14
11,2,14
12,1,14
14,0,14
0,46,13
0,45,13
0,42,13
0,36,13
1,29,13
1,26,13
1,24,13
1,22,13
2,21,13
2,18,13
3,14,13
3,12,13
3,10,13
4,6,13
5,3,13
15,2,13
17,1,13
24,0,13
0,50,12
0,49,12
0,41,12
0,32,12
1,28,12
1,23,12
1,22,12
1,21,12
1,16,12
2,15,12
3,13,12
3,12,12
4,10,12
4,7,12
6,4,12
11,2,12
15,1,12
17,0,12
0,47,11
0,44,11
1,38,11
1,30,11
1,27,11
1,26,11
2,24,11
2,18,11
2,14,11
3,12,11
4,10,11
4,9,11
4,8,11
5,6,11
6,4,11
7,3,11
9,2,11
20,0,11
0,68,10
0,62,10
0,55,10
0,50,10
1,46,10
1,33,10
2,30,10
2,29,10
2,28,10
2,25,10
2,21,10
3,18,10
3,17,10
3,13,10
4,11,10
4,9,10
5,8,10
5,7,10
6,5,10
7,3,10
11,1,10
18,0,10
0,75,9
0,66,9
0,62,9
0,61,9
1,43,9
1,35,9
2,34,9
2,29,9
2,28,9
3,24,9
3,19,9
4,17,9
4,16,9
4,14,9
5,13,9
5,12,9
5,11,9
6,9,9
7,8,9
8,5,9
9,4,9
15,3,9
18,2,9
20,1,9
21,0,9
0,81,8
0,73,8
0,72,8
1,51,8
1,45,8
1,43,8
2,33,8
2,32,8
3,29,8
3,28,8
4,23,8
5,21,8
5,14,8
7,11,8
8,6,8
9,5,8
12,4,8
18,3,8
20,2,8
26,1,8
30,0,8
0,99,7
0,96,7
0,87,7
0,81,7
0,77,7
1,61,7
1,51,7
2,44,7
2,42,7
2,39,7
2,36,7
3,31,7
4,26,7
5,24,7
5,22,7
6,21,7
6,18,7
6,17,7
7,10,7
8,7,7
14,4,7
38,3,7
44,2,7
52,1,7
53,0,7
0,112,6
0,110,6
0,107,6
0,99,6
1,88,6
1,76,6
1,74,6
1,65,6
2,57,6
2,56,6
3,47,6
4,42,6
5,41,6
5,37,6
6,28,6
8,27,6
9,22,6
12,18,6
15,16,6
16,15,6
18,12,6
19,11,6
20,10,6
22,8,6
24,6,6
26,2,6
56,1,6
278,0,6
0,138,5
0,123,5
1,114,5
1,105,5
1,95,5
1,93,5
2,84,5
2,83,5
3,81,5
3,71,5
4,69,5
5,68,5
6,67,5
6,63,5
7,62,5
7,61,5
8,60,5
8,57,5
9,50,5
13,48,5
14,47,5
15,44,5
18,39,5
25,37,5
27,36,5
29,35,5
30,34,5
30,33,5
31,26,5
41,25,5
43,24,5
46,21,5
49,15,5
59,14,5
60,13,5
61,12,5
65,11,5
68,9,5
70,7,5
74,6,5
78,5,5
80,4,5
87,3,5
104,2,5
908,1,5
0,31,18
0,28,18
0,27,18
0,24,18
1,16,18
1,13,18
2,11,18
2,8,18
3,7,18
4,6,18
4,5,18
4,3,18
9,2,18
10,1,18
12,0,18
0,37,17
0,36,17
0,35,17
0,32,17
0,30,17
0,29,17
0,28,17
0,26,17
1,25,17
1,19,17
1,17,17
1,16,17
1,13,17
2,12,17
2,11,17
2,10,17
3,9,17
3,7,17
4,3,17
9,1,17
19,0,17
0,35,16
0,28,16
1,27,16
1,21,16
1,16,16
2,13,16
2,11,16
2,10,16
3,9,16
3,5,16
5,4,16
7,3,16
9,2,16
12,1,16
14,0,16
0,40,15
0,38,15
0,36,15
0,33,15
0,31,15
0,30,15
1,24,15
1,23,15
1,21,15
1,19,15
2,13,15
2,11,15
3,8,15
3,7,15
4,6,15
5,2,15
13,1,15
15,0,15
0,45,14
0,44,14
0,42,14
0,37,14
0,34,14
1,31,14
1,27,14
1,25,14
1,22,14
2,20,14
2,18,14
2,16,14
3,15,14
3,12,14
3,11,14
4,9,14
4,6,14
5,5,14
6,2,14
14,1,14
15,0,14
0,52,13
0,40,13
0,38,13
1,28,13
1,25,13
1,22,13
2,18,13
2,14,13
2,13,13
3,12,13
4,10,13
4,9,13
4,7,13
5,6,13
5,4,13
11,2,13
16,1,13
18,0,13
0,50,12
0,48,12
0,41,12
1,37,12
1,36,12
1,31,12
1,29,12
1,27,12
1,24,12
1,21,12
2,17,12
2,16,12
3,15,12
4,13,12
4,11,12
5,6,12
7,4,12
15,3,12
20,2,12
20,0,12
0,50,11
0,47,11
0,45,11
1,42,11
1,39,11
1,20,11
2,17,11
2,16,11
3,12,11
4,11,11
4,9,11
6,7,11
6,6,11
8,5,11
8,3,11
11,2,11
17,1,11
20,0,11
0,66,10
0,65,10
0,62,10
0,56,10
0,55,10
0,49,10
1,46,10
1,41,10
1,37,10
1,30,10
2,28,10
2,24,10
2,22,10
2,21,10
3,20,10
3,18,10
3,17,10
4,16,10
4,13,10
6,11,10
6,7,10
6,6,10
7,4,10
16,3,10
18,2,10
23,1,10
23,0,10
0,66,9
0,60,9
0,59,9
0,57,9
1,50,9
1,46,9
1,43,9
1,37,9
1,34,9
2,28,9
2,25,9
2,18,9
4,12,9
5,10,9
6,8,9
8,5,9
10,3,9
15,1,9
18,0,9
0,70,8
0,69,8
1,64,8
1,51,8
1,50,8
1,48,8
1,47,8
1,42,8
1,38,8
2,35,8
2,33,8
3,32,8
4,28,8
4,22,8
5,19,8
6,18,8
6,17,8
7,16,8
8,14,8
8,12,8
10,6,8
13,5,8
13,2,8
19,1,8
20,0,8
0,98,7
0,86,7
0,80,7
1,56,7
1,45,7
2,42,7
2,40,7
3,39,7
3,37,7
4,33,7
4,22,7
8,19,7
8,18,7
9,13,7
11,10,7
14,7,7
14,6,7
22,5,7
22,4,7
23,3,7
33,2,7
38,1,7
44,0,7
0,134,6
0,124,6
0,123,6
0,114,6
0,99,6
1,73,6
2,52,6
2,51,6
3,50,6
4,43,6
5,36,6
7,31,6
10,28,6
12,26,6
13,25,6
13,23,6
14,20,6
17,17,6
23,13,6
28,12,6
30,6,6
32,4,6
42,3,6
50,2,6
68,1,6
87,0,6
0,154,5
0,142,5
0,134,5
0,132,5
1,129,5
1,115,5
1,108,5
1,104,5
1,91,5
2,78,5
3,77,5
4,76,5
5,74,5
5,69,5
6,64,5
6,62,5
8,60,5
10,56,5
10,49,5
15,48,5
17,44,5
19,42,5
21,41,5
25,38,5
29,36,5
31,30,5
36,27,5
42,26,5
45,25,5
46,24,5
49,23,5
51,22,5
52,21,5
54,19,5
56,17,5
59,15,5
62,13,5
68,11,5
78,9,5
83,8,5
85,7,5
86,6,5
88,5,5
102,4,5
116,3,5
119,2,5
394,1,5
